,index,y
0,2016-01-01,
1,2016-01-02,
2,2016-01-03,
3,2016-01-04,
4,2016-01-05,
5,2016-01-06,
6,2016-01-07,
7,2016-01-08,
8,2016-01-09,
9,2016-01-10,
10,2016-01-11,
11,2016-01-12,
12,2016-01-13,
13,2016-01-14,
14,2016-01-15,
15,2016-01-16,
16,2016-01-17,
17,2016-01-18,
18,2016-01-19,
19,2016-01-20,
20,2016-01-21,
21,2016-01-22,
22,2016-01-23,
23,2016-01-24,
24,2016-01-25,
25,2016-01-26,
26,2016-01-27,
27,2016-01-28,
28,2016-01-29,
29,2016-01-30,
30,2016-01-31,
31,2016-02-01,
32,2016-02-02,
33,2016-02-03,
34,2016-02-04,
35,2016-02-05,
36,2016-02-06,
37,2016-02-07,
38,2016-02-08,
39,2016-02-09,
40,2016-02-10,
41,2016-02-11,
42,2016-02-12,
43,2016-02-13,
44,2016-02-14,
45,2016-02-15,
46,2016-02-16,
47,2016-02-17,
48,2016-02-18,
49,2016-02-19,
50,2016-02-20,
51,2016-02-21,
52,2016-02-22,
53,2016-02-23,
54,2016-02-24,
55,2016-02-25,
56,2016-02-26,
57,2016-02-27,
58,2016-02-28,
59,2016-02-29,
60,2016-03-01,
61,2016-03-02,
62,2016-03-03,
63,2016-03-04,
64,2016-03-05,
65,2016-03-06,
66,2016-03-07,
67,2016-03-08,
68,2016-03-09,
69,2016-03-10,
70,2016-03-11,
71,2016-03-12,
72,2016-03-13,
73,2016-03-14,
74,2016-03-15,
75,2016-03-16,
76,2016-03-17,
77,2016-03-18,
78,2016-03-19,
79,2016-03-20,
80,2016-03-21,
81,2016-03-22,
82,2016-03-23,
83,2016-03-24,
84,2016-03-25,
85,2016-03-26,
86,2016-03-27,
87,2016-03-28,
88,2016-03-29,
89,2016-03-30,
90,2016-03-31,
91,2016-04-01,
92,2016-04-02,
93,2016-04-03,
94,2016-04-04,
95,2016-04-05,
96,2016-04-06,
97,2016-04-07,
98,2016-04-08,
99,2016-04-09,
100,2016-04-10,
101,2016-04-11,
102,2016-04-12,
103,2016-04-13,
104,2016-04-14,
105,2016-04-15,
106,2016-04-16,
107,2016-04-17,
108,2016-04-18,
109,2016-04-19,
110,2016-04-20,
111,2016-04-21,
112,2016-04-22,
113,2016-04-23,
114,2016-04-24,
115,2016-04-25,
116,2016-04-26,
117,2016-04-27,
118,2016-04-28,
119,2016-04-29,
120,2016-04-30,
121,2016-05-01,
122,2016-05-02,
123,2016-05-03,
124,2016-05-04,
125,2016-05-05,
126,2016-05-06,
127,2016-05-07,
128,2016-05-08,
129,2016-05-09,
130,2016-05-10,
131,2016-05-11,
132,2016-05-12,
133,2016-05-13,
134,2016-05-14,
135,2016-05-15,
136,2016-05-16,
137,2016-05-17,
138,2016-05-18,
139,2016-05-19,
140,2016-05-20,
141,2016-05-21,
142,2016-05-22,
143,2016-05-23,
144,2016-05-24,
145,2016-05-25,
146,2016-05-26,
147,2016-05-27,
148,2016-05-28,
149,2016-05-29,
150,2016-05-30,
151,2016-05-31,
152,2016-06-01,
153,2016-06-02,
154,2016-06-03,
155,2016-06-04,
156,2016-06-05,
157,2016-06-06,
158,2016-06-07,
159,2016-06-08,
160,2016-06-09,
161,2016-06-10,
162,2016-06-11,
163,2016-06-12,
164,2016-06-13,
165,2016-06-14,
166,2016-06-15,
167,2016-06-16,
168,2016-06-17,
169,2016-06-18,
170,2016-06-19,
171,2016-06-20,
172,2016-06-21,
173,2016-06-22,
174,2016-06-23,
175,2016-06-24,
176,2016-06-25,
177,2016-06-26,
178,2016-06-27,
179,2016-06-28,
180,2016-06-29,
181,2016-06-30,
182,2016-07-01,
183,2016-07-02,
184,2016-07-03,
185,2016-07-04,
186,2016-07-05,
187,2016-07-06,
188,2016-07-07,
189,2016-07-08,
190,2016-07-09,
191,2016-07-10,
192,2016-07-11,
193,2016-07-12,
194,2016-07-13,
195,2016-07-14,
196,2016-07-15,
197,2016-07-16,
198,2016-07-17,
199,2016-07-18,
200,2016-07-19,
201,2016-07-20,
202,2016-07-21,
203,2016-07-22,
204,2016-07-23,
205,2016-07-24,
206,2016-07-25,
207,2016-07-26,
208,2016-07-27,
209,2016-07-28,
210,2016-07-29,
211,2016-07-30,
212,2016-07-31,
213,2016-08-01,
214,2016-08-02,
215,2016-08-03,
216,2016-08-04,
217,2016-08-05,
218,2016-08-06,
219,2016-08-07,
220,2016-08-08,
221,2016-08-09,
222,2016-08-10,
223,2016-08-11,
224,2016-08-12,
225,2016-08-13,
226,2016-08-14,
227,2016-08-15,
228,2016-08-16,
229,2016-08-17,
230,2016-08-18,
231,2016-08-19,
232,2016-08-20,
233,2016-08-21,
234,2016-08-22,
235,2016-08-23,
236,2016-08-24,
237,2016-08-25,
238,2016-08-26,
239,2016-08-27,
240,2016-08-28,
241,2016-08-29,
242,2016-08-30,
243,2016-08-31,
244,2016-09-01,
245,2016-09-02,
246,2016-09-03,
247,2016-09-04,
248,2016-09-05,
249,2016-09-06,
250,2016-09-07,
251,2016-09-08,
252,2016-09-09,
253,2016-09-10,
254,2016-09-11,
255,2016-09-12,
256,2016-09-13,
257,2016-09-14,
258,2016-09-15,
259,2016-09-16,
260,2016-09-17,
261,2016-09-18,
262,2016-09-19,
263,2016-09-20,
264,2016-09-21,
265,2016-09-22,
266,2016-09-23,
267,2016-09-24,
268,2016-09-25,
269,2016-09-26,
270,2016-09-27,
271,2016-09-28,
272,2016-09-29,
273,2016-09-30,
274,2016-10-01,
275,2016-10-02,
276,2016-10-03,
277,2016-10-04,
278,2016-10-05,
279,2016-10-06,
280,2016-10-07,
281,2016-10-08,
282,2016-10-09,
283,2016-10-10,
284,2016-10-11,
285,2016-10-12,
286,2016-10-13,
287,2016-10-14,
288,2016-10-15,
289,2016-10-16,
290,2016-10-17,
291,2016-10-18,
292,2016-10-19,
293,2016-10-20,
294,2016-10-21,
295,2016-10-22,
296,2016-10-23,
297,2016-10-24,
298,2016-10-25,
299,2016-10-26,
300,2016-10-27,
301,2016-10-28,
302,2016-10-29,
303,2016-10-30,
304,2016-10-31,
305,2016-11-01,
306,2016-11-02,
307,2016-11-03,
308,2016-11-04,
309,2016-11-05,
310,2016-11-06,
311,2016-11-07,
312,2016-11-08,
313,2016-11-09,
314,2016-11-10,
315,2016-11-11,
316,2016-11-12,
317,2016-11-13,
318,2016-11-14,
319,2016-11-15,
320,2016-11-16,
321,2016-11-17,
322,2016-11-18,
323,2016-11-19,
324,2016-11-20,
325,2016-11-21,
326,2016-11-22,
327,2016-11-23,
328,2016-11-24,
329,2016-11-25,
330,2016-11-26,
331,2016-11-27,
332,2016-11-28,
333,2016-11-29,
334,2016-11-30,
335,2016-12-01,
336,2016-12-02,
337,2016-12-03,
338,2016-12-04,
339,2016-12-05,
340,2016-12-06,
341,2016-12-07,
342,2016-12-08,
343,2016-12-09,
344,2016-12-10,
345,2016-12-11,
346,2016-12-12,
347,2016-12-13,
348,2016-12-14,
349,2016-12-15,
350,2016-12-16,
351,2016-12-17,
352,2016-12-18,
353,2016-12-19,
354,2016-12-20,
355,2016-12-21,
356,2016-12-22,
357,2016-12-23,
358,2016-12-24,
359,2016-12-25,
360,2016-12-26,
361,2016-12-27,
362,2016-12-28,
363,2016-12-29,
364,2016-12-30,
365,2016-12-31,
366,2017-01-01,
367,2017-01-02,
368,2017-01-03,
369,2017-01-04,
370,2017-01-05,
371,2017-01-06,
372,2017-01-07,
373,2017-01-08,
374,2017-01-09,
375,2017-01-10,
376,2017-01-11,
377,2017-01-12,
378,2017-01-13,
379,2017-01-14,
380,2017-01-15,
381,2017-01-16,
382,2017-01-17,
383,2017-01-18,
384,2017-01-19,
385,2017-01-20,
386,2017-01-21,
387,2017-01-22,
388,2017-01-23,
389,2017-01-24,
390,2017-01-25,
391,2017-01-26,
392,2017-01-27,
393,2017-01-28,
394,2017-01-29,
395,2017-01-30,
396,2017-01-31,
397,2017-02-01,
398,2017-02-02,
399,2017-02-03,
400,2017-02-04,
401,2017-02-05,
402,2017-02-06,
403,2017-02-07,
404,2017-02-08,
405,2017-02-09,
406,2017-02-10,
407,2017-02-11,
408,2017-02-12,
409,2017-02-13,
410,2017-02-14,
411,2017-02-15,
412,2017-02-16,
413,2017-02-17,
414,2017-02-18,
415,2017-02-19,
416,2017-02-20,
417,2017-02-21,
418,2017-02-22,
419,2017-02-23,
420,2017-02-24,
421,2017-02-25,
422,2017-02-26,
423,2017-02-27,
424,2017-02-28,
425,2017-03-01,
426,2017-03-02,
427,2017-03-03,
428,2017-03-04,
429,2017-03-05,
430,2017-03-06,
431,2017-03-07,
432,2017-03-08,
433,2017-03-09,
434,2017-03-10,
435,2017-03-11,
436,2017-03-12,
437,2017-03-13,
438,2017-03-14,
439,2017-03-15,
440,2017-03-16,
441,2017-03-17,
442,2017-03-18,
443,2017-03-19,
444,2017-03-20,
445,2017-03-21,
446,2017-03-22,
447,2017-03-23,
448,2017-03-24,
449,2017-03-25,
450,2017-03-26,
451,2017-03-27,
452,2017-03-28,
453,2017-03-29,
454,2017-03-30,
455,2017-03-31,
456,2017-04-01,
457,2017-04-02,
458,2017-04-03,
459,2017-04-04,
460,2017-04-05,
461,2017-04-06,
462,2017-04-07,
463,2017-04-08,
464,2017-04-09,
465,2017-04-10,
466,2017-04-11,
467,2017-04-12,
468,2017-04-13,
469,2017-04-14,
470,2017-04-15,
471,2017-04-16,
472,2017-04-17,
473,2017-04-18,
474,2017-04-19,
475,2017-04-20,
476,2017-04-21,
477,2017-04-22,
478,2017-04-23,
479,2017-04-24,
480,2017-04-25,
481,2017-04-26,
482,2017-04-27,
483,2017-04-28,
484,2017-04-29,
485,2017-04-30,
486,2017-05-01,
487,2017-05-02,
488,2017-05-03,
489,2017-05-04,
490,2017-05-05,
491,2017-05-06,
492,2017-05-07,
493,2017-05-08,
494,2017-05-09,
495,2017-05-10,
496,2017-05-11,
497,2017-05-12,
498,2017-05-13,
499,2017-05-14,
500,2017-05-15,
501,2017-05-16,
502,2017-05-17,
503,2017-05-18,
504,2017-05-19,
505,2017-05-20,
506,2017-05-21,
507,2017-05-22,
508,2017-05-23,
509,2017-05-24,
510,2017-05-25,
511,2017-05-26,
512,2017-05-27,
513,2017-05-28,
514,2017-05-29,
515,2017-05-30,
516,2017-05-31,
517,2017-06-01,
518,2017-06-02,
519,2017-06-03,
520,2017-06-04,
521,2017-06-05,
522,2017-06-06,
523,2017-06-07,
524,2017-06-08,
525,2017-06-09,
526,2017-06-10,
527,2017-06-11,
528,2017-06-12,
529,2017-06-13,
530,2017-06-14,
531,2017-06-15,
532,2017-06-16,
533,2017-06-17,
534,2017-06-18,
535,2017-06-19,
536,2017-06-20,
537,2017-06-21,
538,2017-06-22,
539,2017-06-23,
540,2017-06-24,
541,2017-06-25,
542,2017-06-26,
543,2017-06-27,
544,2017-06-28,
545,2017-06-29,
546,2017-06-30,
547,2017-07-01,
548,2017-07-02,
549,2017-07-03,
550,2017-07-04,
551,2017-07-05,
552,2017-07-06,
553,2017-07-07,
554,2017-07-08,
555,2017-07-09,
556,2017-07-10,
557,2017-07-11,
558,2017-07-12,
559,2017-07-13,
560,2017-07-14,
561,2017-07-15,
562,2017-07-16,
563,2017-07-17,
564,2017-07-18,
565,2017-07-19,
566,2017-07-20,
567,2017-07-21,
568,2017-07-22,
569,2017-07-23,
570,2017-07-24,
571,2017-07-25,
572,2017-07-26,
573,2017-07-27,
574,2017-07-28,
575,2017-07-29,
576,2017-07-30,
577,2017-07-31,
578,2017-08-01,
579,2017-08-02,
580,2017-08-03,
581,2017-08-04,
582,2017-08-05,
583,2017-08-06,
584,2017-08-07,
585,2017-08-08,
586,2017-08-09,
587,2017-08-10,
588,2017-08-11,
589,2017-08-12,
590,2017-08-13,
591,2017-08-14,
592,2017-08-15,
593,2017-08-16,
594,2017-08-17,
595,2017-08-18,
596,2017-08-19,
597,2017-08-20,
598,2017-08-21,
599,2017-08-22,
600,2017-08-23,
601,2017-08-24,
602,2017-08-25,
603,2017-08-26,
604,2017-08-27,
605,2017-08-28,
606,2017-08-29,
607,2017-08-30,
608,2017-08-31,
609,2017-09-01,
610,2017-09-02,
611,2017-09-03,
612,2017-09-04,
613,2017-09-05,
614,2017-09-06,
615,2017-09-07,
616,2017-09-08,
617,2017-09-09,
618,2017-09-10,
619,2017-09-11,
620,2017-09-12,
621,2017-09-13,
622,2017-09-14,
623,2017-09-15,
624,2017-09-16,
625,2017-09-17,
626,2017-09-18,
627,2017-09-19,
628,2017-09-20,
629,2017-09-21,
630,2017-09-22,
631,2017-09-23,
632,2017-09-24,
633,2017-09-25,
634,2017-09-26,
635,2017-09-27,
636,2017-09-28,
637,2017-09-29,
638,2017-09-30,
639,2017-10-01,
640,2017-10-02,
641,2017-10-03,
642,2017-10-04,
643,2017-10-05,
644,2017-10-06,
645,2017-10-07,
646,2017-10-08,
647,2017-10-09,
648,2017-10-10,
649,2017-10-11,
650,2017-10-12,
651,2017-10-13,
652,2017-10-14,
653,2017-10-15,
654,2017-10-16,
655,2017-10-17,
656,2017-10-18,
657,2017-10-19,
658,2017-10-20,
659,2017-10-21,
660,2017-10-22,
661,2017-10-23,
662,2017-10-24,
663,2017-10-25,
664,2017-10-26,
665,2017-10-27,
666,2017-10-28,
667,2017-10-29,
668,2017-10-30,
669,2017-10-31,
670,2017-11-01,
671,2017-11-02,
672,2017-11-03,
673,2017-11-04,
674,2017-11-05,
675,2017-11-06,
676,2017-11-07,
677,2017-11-08,
678,2017-11-09,
679,2017-11-10,
680,2017-11-11,
681,2017-11-12,
682,2017-11-13,
683,2017-11-14,
684,2017-11-15,
685,2017-11-16,
686,2017-11-17,
687,2017-11-18,
688,2017-11-19,
689,2017-11-20,
690,2017-11-21,
691,2017-11-22,
692,2017-11-23,
693,2017-11-24,
694,2017-11-25,
695,2017-11-26,
696,2017-11-27,
697,2017-11-28,
698,2017-11-29,
699,2017-11-30,
700,2017-12-01,
701,2017-12-02,
702,2017-12-03,
703,2017-12-04,
704,2017-12-05,
705,2017-12-06,
706,2017-12-07,
707,2017-12-08,
708,2017-12-09,
709,2017-12-10,
710,2017-12-11,
711,2017-12-12,
712,2017-12-13,
713,2017-12-14,
714,2017-12-15,
715,2017-12-16,
716,2017-12-17,
717,2017-12-18,
718,2017-12-19,
719,2017-12-20,
720,2017-12-21,
721,2017-12-22,
722,2017-12-23,
723,2017-12-24,
724,2017-12-25,
725,2017-12-26,
726,2017-12-27,
727,2017-12-28,
728,2017-12-29,
729,2017-12-30,
730,2017-12-31,
731,2018-01-01,
732,2018-01-02,
733,2018-01-03,
734,2018-01-04,
735,2018-01-05,
736,2018-01-06,
737,2018-01-07,
738,2018-01-08,
739,2018-01-09,
740,2018-01-10,
741,2018-01-11,
742,2018-01-12,
743,2018-01-13,
744,2018-01-14,
745,2018-01-15,
746,2018-01-16,
747,2018-01-17,
748,2018-01-18,
749,2018-01-19,
750,2018-01-20,
751,2018-01-21,
752,2018-01-22,
753,2018-01-23,
754,2018-01-24,
755,2018-01-25,
756,2018-01-26,
757,2018-01-27,
758,2018-01-28,
759,2018-01-29,
760,2018-01-30,
761,2018-01-31,
762,2018-02-01,
763,2018-02-02,
764,2018-02-03,
765,2018-02-04,
766,2018-02-05,
767,2018-02-06,
768,2018-02-07,
769,2018-02-08,
770,2018-02-09,
771,2018-02-10,
772,2018-02-11,
773,2018-02-12,
774,2018-02-13,
775,2018-02-14,
776,2018-02-15,
777,2018-02-16,
778,2018-02-17,
779,2018-02-18,
780,2018-02-19,
781,2018-02-20,
782,2018-02-21,
783,2018-02-22,
784,2018-02-23,
785,2018-02-24,
786,2018-02-25,
787,2018-02-26,
788,2018-02-27,
789,2018-02-28,
790,2018-03-01,
791,2018-03-02,
792,2018-03-03,
793,2018-03-04,
794,2018-03-05,
795,2018-03-06,
796,2018-03-07,
797,2018-03-08,
798,2018-03-09,
799,2018-03-10,
800,2018-03-11,
801,2018-03-12,
802,2018-03-13,
803,2018-03-14,
804,2018-03-15,
805,2018-03-16,
806,2018-03-17,
807,2018-03-18,
808,2018-03-19,
809,2018-03-20,
810,2018-03-21,
811,2018-03-22,
812,2018-03-23,
813,2018-03-24,
814,2018-03-25,
815,2018-03-26,
816,2018-03-27,
817,2018-03-28,
818,2018-03-29,
819,2018-03-30,
820,2018-03-31,
821,2018-04-01,
822,2018-04-02,
823,2018-04-03,
824,2018-04-04,
825,2018-04-05,
826,2018-04-06,
827,2018-04-07,
828,2018-04-08,
829,2018-04-09,
830,2018-04-10,
831,2018-04-11,
832,2018-04-12,
833,2018-04-13,
834,2018-04-14,
835,2018-04-15,
836,2018-04-16,
837,2018-04-17,
838,2018-04-18,
839,2018-04-19,
840,2018-04-20,
841,2018-04-21,
842,2018-04-22,
843,2018-04-23,
844,2018-04-24,
845,2018-04-25,
846,2018-04-26,
847,2018-04-27,
848,2018-04-28,
849,2018-04-29,
850,2018-04-30,
851,2018-05-01,
852,2018-05-02,
853,2018-05-03,
854,2018-05-04,
855,2018-05-05,
856,2018-05-06,
857,2018-05-07,
858,2018-05-08,
859,2018-05-09,
860,2018-05-10,
861,2018-05-11,
862,2018-05-12,
863,2018-05-13,
864,2018-05-14,
865,2018-05-15,
866,2018-05-16,
867,2018-05-17,
868,2018-05-18,
869,2018-05-19,
870,2018-05-20,
871,2018-05-21,
872,2018-05-22,
873,2018-05-23,
874,2018-05-24,
875,2018-05-25,
876,2018-05-26,
877,2018-05-27,
878,2018-05-28,
879,2018-05-29,
880,2018-05-30,
881,2018-05-31,
882,2018-06-01,
883,2018-06-02,
884,2018-06-03,
885,2018-06-04,
886,2018-06-05,
887,2018-06-06,
888,2018-06-07,
889,2018-06-08,
890,2018-06-09,
891,2018-06-10,
892,2018-06-11,
893,2018-06-12,
894,2018-06-13,
895,2018-06-14,
896,2018-06-15,
897,2018-06-16,
898,2018-06-17,
899,2018-06-18,
900,2018-06-19,
901,2018-06-20,
902,2018-06-21,
903,2018-06-22,
904,2018-06-23,
905,2018-06-24,
906,2018-06-25,
907,2018-06-26,
908,2018-06-27,
909,2018-06-28,
910,2018-06-29,
911,2018-06-30,
912,2018-07-01,
913,2018-07-02,
914,2018-07-03,
915,2018-07-04,
916,2018-07-05,
917,2018-07-06,
918,2018-07-07,
919,2018-07-08,
920,2018-07-09,
921,2018-07-10,
922,2018-07-11,
923,2018-07-12,
924,2018-07-13,
925,2018-07-14,
926,2018-07-15,
927,2018-07-16,
928,2018-07-17,
929,2018-07-18,
930,2018-07-19,
931,2018-07-20,
932,2018-07-21,
933,2018-07-22,
934,2018-07-23,
935,2018-07-24,
936,2018-07-25,
937,2018-07-26,
938,2018-07-27,
939,2018-07-28,
940,2018-07-29,
941,2018-07-30,
942,2018-07-31,
943,2018-08-01,
944,2018-08-02,
945,2018-08-03,
946,2018-08-04,
947,2018-08-05,
948,2018-08-06,
949,2018-08-07,
950,2018-08-08,
951,2018-08-09,
952,2018-08-10,
953,2018-08-11,
954,2018-08-12,
955,2018-08-13,
956,2018-08-14,
957,2018-08-15,
958,2018-08-16,
959,2018-08-17,
960,2018-08-18,
961,2018-08-19,
962,2018-08-20,
963,2018-08-21,
964,2018-08-22,
965,2018-08-23,
966,2018-08-24,
967,2018-08-25,
968,2018-08-26,
969,2018-08-27,
970,2018-08-28,
971,2018-08-29,
972,2018-08-30,
973,2018-08-31,
974,2018-09-01,
975,2018-09-02,
976,2018-09-03,
977,2018-09-04,
978,2018-09-05,
979,2018-09-06,
980,2018-09-07,
981,2018-09-08,
982,2018-09-09,
983,2018-09-10,
984,2018-09-11,
985,2018-09-12,
986,2018-09-13,
987,2018-09-14,
988,2018-09-15,
989,2018-09-16,
990,2018-09-17,
991,2018-09-18,
992,2018-09-19,
993,2018-09-20,
994,2018-09-21,
995,2018-09-22,
996,2018-09-23,
997,2018-09-24,
998,2018-09-25,
999,2018-09-26,
1000,2018-09-27,
1001,2018-09-28,
1002,2018-09-29,
1003,2018-09-30,
1004,2018-10-01,
1005,2018-10-02,
1006,2018-10-03,
1007,2018-10-04,
1008,2018-10-05,
1009,2018-10-06,
1010,2018-10-07,
1011,2018-10-08,
1012,2018-10-09,
1013,2018-10-10,
1014,2018-10-11,
1015,2018-10-12,
1016,2018-10-13,
1017,2018-10-14,
1018,2018-10-15,
1019,2018-10-16,
1020,2018-10-17,
1021,2018-10-18,
1022,2018-10-19,
1023,2018-10-20,
1024,2018-10-21,
1025,2018-10-22,
1026,2018-10-23,
1027,2018-10-24,
1028,2018-10-25,
1029,2018-10-26,
1030,2018-10-27,
1031,2018-10-28,
1032,2018-10-29,
1033,2018-10-30,
1034,2018-10-31,
1035,2018-11-01,
1036,2018-11-02,
1037,2018-11-03,
1038,2018-11-04,
1039,2018-11-05,
1040,2018-11-06,
1041,2018-11-07,
1042,2018-11-08,
1043,2018-11-09,
1044,2018-11-10,
1045,2018-11-11,
1046,2018-11-12,
1047,2018-11-13,
1048,2018-11-14,
1049,2018-11-15,
1050,2018-11-16,
1051,2018-11-17,
1052,2018-11-18,
1053,2018-11-19,
1054,2018-11-20,
1055,2018-11-21,
1056,2018-11-22,
1057,2018-11-23,
1058,2018-11-24,
1059,2018-11-25,
1060,2018-11-26,
1061,2018-11-27,
1062,2018-11-28,
1063,2018-11-29,
1064,2018-11-30,
1065,2018-12-01,
1066,2018-12-02,
1067,2018-12-03,
1068,2018-12-04,
1069,2018-12-05,
1070,2018-12-06,
1071,2018-12-07,
1072,2018-12-08,
1073,2018-12-09,
1074,2018-12-10,
1075,2018-12-11,
1076,2018-12-12,
1077,2018-12-13,
1078,2018-12-14,
1079,2018-12-15,
1080,2018-12-16,
1081,2018-12-17,
1082,2018-12-18,
1083,2018-12-19,
1084,2018-12-20,
1085,2018-12-21,
1086,2018-12-22,
1087,2018-12-23,
1088,2018-12-24,
1089,2018-12-25,
1090,2018-12-26,
1091,2018-12-27,
1092,2018-12-28,
1093,2018-12-29,
1094,2018-12-30,
1095,2018-12-31,
1096,2019-01-01,
1097,2019-01-02,
1098,2019-01-03,
1099,2019-01-04,
1100,2019-01-05,
1101,2019-01-06,
1102,2019-01-07,
1103,2019-01-08,
1104,2019-01-09,
1105,2019-01-10,
1106,2019-01-11,
1107,2019-01-12,
1108,2019-01-13,
1109,2019-01-14,
1110,2019-01-15,
1111,2019-01-16,
1112,2019-01-17,
1113,2019-01-18,
1114,2019-01-19,
1115,2019-01-20,
1116,2019-01-21,
1117,2019-01-22,
1118,2019-01-23,
1119,2019-01-24,
1120,2019-01-25,
1121,2019-01-26,
1122,2019-01-27,
1123,2019-01-28,
1124,2019-01-29,
1125,2019-01-30,
1126,2019-01-31,
1127,2019-02-01,
1128,2019-02-02,
1129,2019-02-03,
1130,2019-02-04,
1131,2019-02-05,
1132,2019-02-06,
1133,2019-02-07,
1134,2019-02-08,
1135,2019-02-09,
1136,2019-02-10,
1137,2019-02-11,
1138,2019-02-12,
1139,2019-02-13,
1140,2019-02-14,
1141,2019-02-15,
1142,2019-02-16,
1143,2019-02-17,
1144,2019-02-18,
1145,2019-02-19,
1146,2019-02-20,
1147,2019-02-21,
1148,2019-02-22,
1149,2019-02-23,
1150,2019-02-24,
1151,2019-02-25,
1152,2019-02-26,
1153,2019-02-27,
1154,2019-02-28,
1155,2019-03-01,
1156,2019-03-02,
1157,2019-03-03,
1158,2019-03-04,
1159,2019-03-05,
1160,2019-03-06,
1161,2019-03-07,
1162,2019-03-08,
1163,2019-03-09,
1164,2019-03-10,
1165,2019-03-11,
1166,2019-03-12,
1167,2019-03-13,
1168,2019-03-14,
1169,2019-03-15,
1170,2019-03-16,
1171,2019-03-17,
1172,2019-03-18,
1173,2019-03-19,
1174,2019-03-20,
1175,2019-03-21,
1176,2019-03-22,
1177,2019-03-23,
1178,2019-03-24,
1179,2019-03-25,
1180,2019-03-26,
1181,2019-03-27,
1182,2019-03-28,
1183,2019-03-29,
1184,2019-03-30,
1185,2019-03-31,
1186,2019-04-01,
1187,2019-04-02,
1188,2019-04-03,
1189,2019-04-04,
1190,2019-04-05,
1191,2019-04-06,
1192,2019-04-07,
1193,2019-04-08,
1194,2019-04-09,
1195,2019-04-10,
1196,2019-04-11,
1197,2019-04-12,
1198,2019-04-13,
1199,2019-04-14,
1200,2019-04-15,
1201,2019-04-16,
1202,2019-04-17,
1203,2019-04-18,
1204,2019-04-19,
1205,2019-04-20,
1206,2019-04-21,
1207,2019-04-22,
1208,2019-04-23,
1209,2019-04-24,
1210,2019-04-25,
1211,2019-04-26,
1212,2019-04-27,
1213,2019-04-28,
1214,2019-04-29,
1215,2019-04-30,
1216,2019-05-01,
1217,2019-05-02,
1218,2019-05-03,
1219,2019-05-04,
1220,2019-05-05,
1221,2019-05-06,
1222,2019-05-07,
1223,2019-05-08,
1224,2019-05-09,
1225,2019-05-10,
1226,2019-05-11,
1227,2019-05-12,
1228,2019-05-13,
1229,2019-05-14,
1230,2019-05-15,
1231,2019-05-16,
1232,2019-05-17,
1233,2019-05-18,
1234,2019-05-19,
1235,2019-05-20,
1236,2019-05-21,
1237,2019-05-22,
1238,2019-05-23,
1239,2019-05-24,
1240,2019-05-25,
1241,2019-05-26,
1242,2019-05-27,
1243,2019-05-28,
1244,2019-05-29,
1245,2019-05-30,
1246,2019-05-31,
1247,2019-06-01,
1248,2019-06-02,
1249,2019-06-03,
1250,2019-06-04,
1251,2019-06-05,
1252,2019-06-06,
1253,2019-06-07,
1254,2019-06-08,
1255,2019-06-09,
1256,2019-06-10,
1257,2019-06-11,
1258,2019-06-12,
1259,2019-06-13,
1260,2019-06-14,
1261,2019-06-15,
1262,2019-06-16,
1263,2019-06-17,
1264,2019-06-18,
1265,2019-06-19,
1266,2019-06-20,
1267,2019-06-21,
1268,2019-06-22,
1269,2019-06-23,
1270,2019-06-24,
1271,2019-06-25,
1272,2019-06-26,
1273,2019-06-27,
1274,2019-06-28,
1275,2019-06-29,
1276,2019-06-30,
1277,2019-07-01,
1278,2019-07-02,
1279,2019-07-03,
1280,2019-07-04,
1281,2019-07-05,
1282,2019-07-06,
1283,2019-07-07,
1284,2019-07-08,
1285,2019-07-09,
1286,2019-07-10,
1287,2019-07-11,
1288,2019-07-12,
1289,2019-07-13,
1290,2019-07-14,
1291,2019-07-15,
1292,2019-07-16,
1293,2019-07-17,
1294,2019-07-18,
1295,2019-07-19,
1296,2019-07-20,
1297,2019-07-21,
1298,2019-07-22,
1299,2019-07-23,
1300,2019-07-24,
1301,2019-07-25,
1302,2019-07-26,
1303,2019-07-27,
1304,2019-07-28,
1305,2019-07-29,
1306,2019-07-30,
1307,2019-07-31,
1308,2019-08-01,
1309,2019-08-02,
1310,2019-08-03,
1311,2019-08-04,
1312,2019-08-05,
1313,2019-08-06,
1314,2019-08-07,
1315,2019-08-08,
1316,2019-08-09,
1317,2019-08-10,
1318,2019-08-11,
1319,2019-08-12,
1320,2019-08-13,
1321,2019-08-14,
1322,2019-08-15,
1323,2019-08-16,
1324,2019-08-17,
1325,2019-08-18,
1326,2019-08-19,
1327,2019-08-20,
1328,2019-08-21,
1329,2019-08-22,
1330,2019-08-23,
1331,2019-08-24,
1332,2019-08-25,
1333,2019-08-26,
1334,2019-08-27,
1335,2019-08-28,
1336,2019-08-29,
1337,2019-08-30,
1338,2019-08-31,
1339,2019-09-01,
1340,2019-09-02,
1341,2019-09-03,
1342,2019-09-04,
1343,2019-09-05,
1344,2019-09-06,
1345,2019-09-07,
1346,2019-09-08,
1347,2019-09-09,
1348,2019-09-10,
1349,2019-09-11,
1350,2019-09-12,
1351,2019-09-13,
1352,2019-09-14,
1353,2019-09-15,
1354,2019-09-16,
1355,2019-09-17,
1356,2019-09-18,
1357,2019-09-19,
1358,2019-09-20,
1359,2019-09-21,
1360,2019-09-22,
1361,2019-09-23,
1362,2019-09-24,
1363,2019-09-25,
1364,2019-09-26,
1365,2019-09-27,
1366,2019-09-28,
1367,2019-09-29,
1368,2019-09-30,
1369,2019-10-01,
1370,2019-10-02,
1371,2019-10-03,
1372,2019-10-04,
1373,2019-10-05,
1374,2019-10-06,
1375,2019-10-07,
1376,2019-10-08,
1377,2019-10-09,
1378,2019-10-10,
1379,2019-10-11,
1380,2019-10-12,
1381,2019-10-13,
1382,2019-10-14,
1383,2019-10-15,
1384,2019-10-16,
1385,2019-10-17,
1386,2019-10-18,
1387,2019-10-19,
1388,2019-10-20,
1389,2019-10-21,
1390,2019-10-22,
1391,2019-10-23,
1392,2019-10-24,
1393,2019-10-25,
1394,2019-10-26,
1395,2019-10-27,
1396,2019-10-28,
1397,2019-10-29,
1398,2019-10-30,
1399,2019-10-31,
1400,2019-11-01,
1401,2019-11-02,
1402,2019-11-03,
1403,2019-11-04,
1404,2019-11-05,
1405,2019-11-06,
1406,2019-11-07,
1407,2019-11-08,
1408,2019-11-09,
1409,2019-11-10,
1410,2019-11-11,
1411,2019-11-12,
1412,2019-11-13,
1413,2019-11-14,
1414,2019-11-15,
1415,2019-11-16,
1416,2019-11-17,
1417,2019-11-18,
1418,2019-11-19,
1419,2019-11-20,
1420,2019-11-21,
1421,2019-11-22,
1422,2019-11-23,
1423,2019-11-24,
1424,2019-11-25,
1425,2019-11-26,
1426,2019-11-27,
1427,2019-11-28,
1428,2019-11-29,
1429,2019-11-30,
1430,2019-12-01,
1431,2019-12-02,
1432,2019-12-03,
1433,2019-12-04,
1434,2019-12-05,
1435,2019-12-06,
1436,2019-12-07,
1437,2019-12-08,
1438,2019-12-09,
1439,2019-12-10,
1440,2019-12-11,
1441,2019-12-12,
1442,2019-12-13,
1443,2019-12-14,
1444,2019-12-15,
1445,2019-12-16,
1446,2019-12-17,
1447,2019-12-18,
1448,2019-12-19,
1449,2019-12-20,
1450,2019-12-21,
1451,2019-12-22,
1452,2019-12-23,
1453,2019-12-24,
1454,2019-12-25,
1455,2019-12-26,
1456,2019-12-27,
1457,2019-12-28,
1458,2019-12-29,
1459,2019-12-30,
1460,2019-12-31,
1461,2020-01-01,
1462,2020-01-02,
1463,2020-01-03,
1464,2020-01-04,
1465,2020-01-05,
1466,2020-01-06,
1467,2020-01-07,
1468,2020-01-08,
1469,2020-01-09,
1470,2020-01-10,
1471,2020-01-11,
1472,2020-01-12,
1473,2020-01-13,
1474,2020-01-14,
1475,2020-01-15,
1476,2020-01-16,
1477,2020-01-17,
1478,2020-01-18,
1479,2020-01-19,
1480,2020-01-20,
1481,2020-01-21,
1482,2020-01-22,
1483,2020-01-23,
1484,2020-01-24,
1485,2020-01-25,
1486,2020-01-26,
1487,2020-01-27,
1488,2020-01-28,
1489,2020-01-29,
1490,2020-01-30,
1491,2020-01-31,
1492,2020-02-01,818309.332065908
1493,2020-02-02,691971.371596464
1494,2020-02-03,1599642.01407951
1495,2020-02-04,897290.328187505
1496,2020-02-05,848648.943636921
1497,2020-02-06,1569522.48661781
1498,2020-02-07,1661226.21474543
1499,2020-02-08,784928.205700718
1500,2020-02-09,572106.142999936
1501,2020-02-10,1046338.47816011
1502,2020-02-11,1020598.51056751
1503,2020-02-12,1100253.78927996
1504,2020-02-13,1069433.55939573
1505,2020-02-14,1047777.68508166
1506,2020-02-15,869551.125746531
1507,2020-02-16,963366.419050043
1508,2020-02-17,1301221.59710378
1509,2020-02-18,1050298.61370031
1510,2020-02-19,1373439.68542433
1511,2020-02-20,1043971.92662019
1512,2020-02-21,826541.731464725
1513,2020-02-22,578355.56686758
1514,2020-02-23,668882.618561738
1515,2020-02-24,814213.527314197
1516,2020-02-25,874557.447876811
1517,2020-02-26,880402.429954982
1518,2020-02-27,987245.127976323
1519,2020-02-28,1015364.88347214
1520,2020-02-29,639925.705792698
1521,2020-03-01,566480.944950103
1522,2020-03-02,823835.408430342
1523,2020-03-03,791229.948857447
1524,2020-03-04,1019256.03112567
1525,2020-03-05,856202.222162386
1526,2020-03-06,949234.972177108
1527,2020-03-07,612862.119885382
1528,2020-03-08,617403.518783728
1529,2020-03-09,1226807.32045707
1530,2020-03-10,1075469.91787441
1531,2020-03-11,1694561.83924602
1532,2020-03-12,2351186.61606329
1533,2020-03-13,2348968.80498848
1534,2020-03-14,1140936.01430291
1535,2020-03-15,862960.829447834
1536,2020-03-16,1604680.52504557
1537,2020-03-17,1497870.78884423
1538,2020-03-18,1147969.2955905
1539,2020-03-19,1320132.5208535
1540,2020-03-20,1347986.39138053
1541,2020-03-21,704149.868179415
1542,2020-03-22,806322.364772903
1543,2020-03-23,1044812.06251601
1544,2020-03-24,1396119.81296503
1545,2020-03-25,894424.637051183
1546,2020-03-26,876721.776435827
1547,2020-03-27,1048145.48685929
1548,2020-03-28,705244.927677058
1549,2020-03-29,646945.916891303
1550,2020-03-30,1013898.91882692
1551,2020-03-31,1050378.51701018
1552,2020-04-01,1017608.6024598
1553,2020-04-02,1011879.94230324
1554,2020-04-03,976482.735766035
1555,2020-04-04,857653.815204773
1556,2020-04-05,553256.754269757
1557,2020-04-06,1089614.49405744
1558,2020-04-07,1176112.64626103
1559,2020-04-08,760551.781891682
1560,2020-04-09,1103388.49801343
1561,2020-04-10,1089003.49972664
1562,2020-04-11,608915.365841462
1563,2020-04-12,494233.050258298
1564,2020-04-13,985586.612082916
1565,2020-04-14,773028.957715486
1566,2020-04-15,877779.734540594
1567,2020-04-16,1109195.64760975
1568,2020-04-17,945920.019087213
1569,2020-04-18,613279.302850086
1570,2020-04-19,547594.508733469
1571,2020-04-20,839780.608285255
1572,2020-04-21,810070.433540893
1573,2020-04-22,866718.352478309
1574,2020-04-23,924532.437602299
1575,2020-04-24,1265403.31533266
1576,2020-04-25,612813.214824569
1577,2020-04-26,523828.657864635
1578,2020-04-27,1035215.22430837
1579,2020-04-28,881270.46901014
1580,2020-04-29,1797174.1981907
1581,2020-04-30,2022344.59395085
1582,2020-05-01,1076318.37468517
1583,2020-05-02,551345.643588245
1584,2020-05-03,729928.366536047
1585,2020-05-04,914148.179451729
1586,2020-05-05,1091229.69871237
1587,2020-05-06,1019264.00328187
1588,2020-05-07,1319480.59718214
1589,2020-05-08,1326677.95960725
1590,2020-05-09,1171689.06029833
1591,2020-05-10,805120.27036456
1592,2020-05-11,1165274.92614542
1593,2020-05-12,1205576.90515208
1594,2020-05-13,1111537.86226089
1595,2020-05-14,1138602.39322196
1596,2020-05-15,1004693.83507288
1597,2020-05-16,588481.035675438
1598,2020-05-17,587798.415081619
1599,2020-05-18,1062998.79589118
1600,2020-05-19,1176856.58096745
1601,2020-05-20,1085395.61863261
1602,2020-05-21,981107.891056958
1603,2020-05-22,987088.019611931
1604,2020-05-23,556030.768258092
1605,2020-05-24,595935.213819698
1606,2020-05-25,1099658.34870169
1607,2020-05-26,952761.581576603
1608,2020-05-27,1106668.09300837
1609,2020-05-28,839340.520864076
1610,2020-05-29,1047675.48051426
1611,2020-05-30,587440.145320611
1612,2020-05-31,752990.409021887
1613,2020-06-01,1253496.17612293
1614,2020-06-02,1566267.80336628
1615,2020-06-03,1129212.65239848
1616,2020-06-04,1152648.34209259
1617,2020-06-05,1061346.60727637
1618,2020-06-06,499113.05981015
1619,2020-06-07,452165.291612093
1620,2020-06-08,983934.73421203
1621,2020-06-09,879184.175881874
1622,2020-06-10,1195978.12128421
1623,2020-06-11,1001631.28565624
1624,2020-06-12,830253.863744253
1625,2020-06-13,582211.681689125
1626,2020-06-14,479773.867716293
1627,2020-06-15,1010530.12387002
1628,2020-06-16,1354151.1693022
1629,2020-06-17,935895.462594491
1630,2020-06-18,787459.576308072
1631,2020-06-19,1446849.25137761
1632,2020-06-20,544762.336902044
1633,2020-06-21,475839.887667669
1634,2020-06-22,962617.166341449
1635,2020-06-23,1353314.1414485
1636,2020-06-24,1311910.1917584
1637,2020-06-25,1187885.16995811
1638,2020-06-26,1223831.11613146
1639,2020-06-27,578597.558721226
1640,2020-06-28,683500.705868015
1641,2020-06-29,1013567.96454737
1642,2020-06-30,1097730.27154464
1643,2020-07-01,1085316.16279451
1644,2020-07-02,1031021.5341106
1645,2020-07-03,971719.254995018
1646,2020-07-04,676450.563713943
1647,2020-07-05,600272.961085762
1648,2020-07-06,1159525.34007784
1649,2020-07-07,992282.946751971
1650,2020-07-08,1088708.77697653
1651,2020-07-09,976219.418168258
1652,2020-07-10,969619.359678852
1653,2020-07-11,613984.724456739
1654,2020-07-12,678513.983457948
1655,2020-07-13,1223910.64205352
1656,2020-07-14,910587.514779727
1657,2020-07-15,833760.320201608
1658,2020-07-16,984626.116643764
1659,2020-07-17,848790.136178614
1660,2020-07-18,660373.467356979
1661,2020-07-19,651373.590622766
1662,2020-07-20,909433.194233738
1663,2020-07-21,890489.549614565
1664,2020-07-22,954797.572798298
1665,2020-07-23,1016262.18315993
1666,2020-07-24,1035386.49292255
1667,2020-07-25,791995.338359226
1668,2020-07-26,730216.75686728
1669,2020-07-27,1239333.7545504
1670,2020-07-28,1269990.75861043
1671,2020-07-29,1131995.4293344
1672,2020-07-30,1045611.30384732
1673,2020-07-31,1014392.20306478
1674,2020-08-01,864866.804415056
1675,2020-08-02,793876.043691907
1676,2020-08-03,1131415.83019561
1677,2020-08-04,993343.061244682
1678,2020-08-05,993543.746320266
1679,2020-08-06,1194659.24607117
1680,2020-08-07,1022839.81732761
1681,2020-08-08,805601.805601121
1682,2020-08-09,698476.612509977
1683,2020-08-10,1024528.55495357
1684,2020-08-11,1042770.73857038
1685,2020-08-12,976274.057328136
1686,2020-08-13,907786.726174472
1687,2020-08-14,1440043.27138648
1688,2020-08-15,1432177.73151402
1689,2020-08-16,1819310.32164451
1690,2020-08-17,2938608.11177309
1691,2020-08-18,2076963.08785902
1692,2020-08-19,1887293.8647586955
1693,2020-08-20,1846156.891732365
1694,2020-08-21,1495713.7528094356
1695,2020-08-22,1358275.3397950362
1696,2020-08-23,1371402.6206322552
1697,2020-08-24,1864226.3705456883
1698,2020-08-25,1616790.3840057622
1699,2020-08-26,1947966.6229682302
1700,2020-08-27,2013412.4446154772
1701,2020-08-28,2165612.967719466
1702,2020-08-29,1751538.2608427948
1703,2020-08-30,1753307.7044367052
1704,2020-08-31,2697925.47431122
1705,2020-09-01,2653444.8390494054
1706,2020-09-02,2306329.287014456
1707,2020-09-03,2741473.928778849
1708,2020-09-04,2654809.098372859
1709,2020-09-05,2428545.247330027
1710,2020-09-06,2294692.652075226
1711,2020-09-07,2985927.900431941
1712,2020-09-08,2703153.939851396
1713,2020-09-09,3188715.6297665564
1714,2020-09-10,3493320.23694438
1715,2020-09-11,3130284.862982855
1716,2020-09-12,2593736.732794764
1717,2020-09-13,2620089.0871622055
1718,2020-09-14,2762366.3035074216
1719,2020-09-15,2860061.915580005
1720,2020-09-16,3050638.9733121274
1721,2020-09-17,4143516.666677047
1722,2020-09-18,3787104.8162539196
1723,2020-09-19,2860939.874436815
1724,2020-09-20,2360008.569287177
1725,2020-09-21,3456045.3842892456
1726,2020-09-22,2782025.070795326
1727,2020-09-23,2652893.3213329725
1728,2020-09-24,2409206.5700333514
1729,2020-09-25,2838226.5128510646
1730,2020-09-26,2385729.1863269415
1731,2020-09-27,2072273.3273457673
1732,2020-09-28,2293688.5248876456
1733,2020-09-29,2586561.9429715737
1734,2020-09-30,2388252.7433228926
1735,2020-10-01,1977666.507376448
1736,2020-10-02,2708626.798297648
1737,2020-10-03,2174249.746517091
1738,2020-10-04,1876623.603780629
1739,2020-10-05,2042046.8102251187
1740,2020-10-06,2176302.673165318
1741,2020-10-07,2110681.875836661
1742,2020-10-08,2022716.0215562857
1743,2020-10-09,2758949.9255976025
1744,2020-10-10,1865861.9233934034
1745,2020-10-11,2133739.1510219164
1746,2020-10-12,2172342.700986224
1747,2020-10-13,2284628.160127564
1748,2020-10-14,2398755.586802342
1749,2020-10-15,2630666.213682497
1750,2020-10-16,2358982.793732284
1751,2020-10-17,2423280.9087780165
1752,2020-10-18,2127428.325315144
1753,2020-10-19,3411624.7821290633
1754,2020-10-20,4199302.328430228
1755,2020-10-21,3812554.203412102
1756,2020-10-22,4039132.91811656
1757,2020-10-23,2741260.4558924325
1758,2020-10-24,1860296.1412399898
1759,2020-10-25,1638908.0122123393
1760,2020-10-26,2834831.0521162963
1761,2020-10-27,2503686.578983815
1762,2020-10-28,2662066.381190738
1763,2020-10-29,2437235.1278990773
1764,2020-10-30,2350724.46566804
1765,2020-10-31,1692437.5477049127
1766,2020-11-01,2135583.523147199
1767,2020-11-02,2566363.668793519
1768,2020-11-03,3210188.0381794474
1769,2020-11-04,2044401.5279635924
1770,2020-11-05,3125865.371285359
1771,2020-11-06,3089433.8560195593
1772,2020-11-07,1612472.8196293563
1773,2020-11-08,1499231.5328901578
1774,2020-11-09,2143909.2236318784
1775,2020-11-10,2160265.602293784
1776,2020-11-11,2063545.6685167034
1777,2020-11-12,1961289.4482258307
1778,2020-11-13,1578705.4720860084
1779,2020-11-14,1902618.9423037888
1780,2020-11-15,1598945.6849131507
1781,2020-11-16,3618303.6178606437
1782,2020-11-17,3030811.519459769
1783,2020-11-18,2930159.471229325
1784,2020-11-19,2378459.7512867227
1785,2020-11-20,2460005.9133617682
1786,2020-11-21,1907160.5008421156
1787,2020-11-22,1908302.559880714
1788,2020-11-23,2246648.0285092755
1789,2020-11-24,2346578.308578133
1790,2020-11-25,2212824.7458632644
1791,2020-11-26,2284232.039295348
1792,2020-11-27,1857757.4365958406
1793,2020-11-28,1297738.59879115
1794,2020-11-29,1275997.4580327284
1795,2020-11-30,2254249.7237631045
1796,2020-12-01,2099814.4287362588
1797,2020-12-02,1676105.307223018
1798,2020-12-03,1522633.819732659
1799,2020-12-04,1904552.5280619564
1800,2020-12-05,1525130.2269317054
1801,2020-12-06,1332342.137409278
1802,2020-12-07,1554178.904792339
1803,2020-12-08,1619020.9618214075
1804,2020-12-09,1967186.9600531722
1805,2020-12-10,1965927.7990841332
1806,2020-12-11,1421781.0179218298
1807,2020-12-12,1419960.2902033573
1808,2020-12-13,1658116.086538404
1809,2020-12-14,2076030.4815688357
1810,2020-12-15,2160315.239577205
1811,2020-12-16,2709597.598903124
1812,2020-12-17,2503111.8315624036
1813,2020-12-18,2435931.47522933
1814,2020-12-19,1665126.0493699387
1815,2020-12-20,1323039.9195182465
1816,2020-12-21,1743577.7641969968
1817,2020-12-22,2040795.083998015
1818,2020-12-23,2006004.4564819324
1819,2020-12-24,2115162.4591126535
1820,2020-12-25,2043474.7902727115
1821,2020-12-26,2013537.2721217351
1822,2020-12-27,2514614.6976488405
1823,2020-12-28,1980852.0074605902
1824,2020-12-29,1845946.881811576
1825,2020-12-30,1743500.8467240594
1826,2020-12-31,1945437.0119532992
1827,2021-01-01,1603396.2137116976
1828,2021-01-02,2164453.295742704
1829,2021-01-03,2211805.282375474
1830,2021-01-04,1922521.5209015799
1831,2021-01-05,2209914.2060158076
1832,2021-01-06,2131442.7395492857
1833,2021-01-07,2751162.1980613857
1834,2021-01-08,2518905.296970445
1835,2021-01-09,1924128.5592848049
1836,2021-01-10,1802561.284377868
1837,2021-01-11,2438667.9365127706
1838,2021-01-12,2210729.2632828536
1839,2021-01-13,1781868.5424489914
1840,2021-01-14,1934960.5575038558
1841,2021-01-15,1735779.466270427
1842,2021-01-16,1699036.9343569635
1843,2021-01-17,1426059.4640880884
1844,2021-01-18,1788904.5764252178
1845,2021-01-19,2111753.333169642
1846,2021-01-20,2021208.163186301
1847,2021-01-21,2210014.3015196673
1848,2021-01-22,2107825.236965114
1849,2021-01-23,1529579.5139759874
1850,2021-01-24,1515699.3507870794
1851,2021-01-25,2313552.772161432
1852,2021-01-26,1703884.0413185
1853,2021-01-27,1995359.1673162316
1854,2021-01-28,2181658.238608856
1855,2021-01-29,2493283.100595151
1856,2021-01-30,1957192.8866911277
1857,2021-01-31,1991251.575630819
1858,2021-02-01,1926362.6797363574
1859,2021-02-02,1924952.595227271
1860,2021-02-03,2065145.6573225637
1861,2021-02-04,2181219.346210263
1862,2021-02-05,1959874.22075536
1863,2021-02-06,2156848.977352035
1864,2021-02-07,2048377.4921070563
1865,2021-02-08,2263658.8845361243
1866,2021-02-09,3400460.2445700103
1867,2021-02-10,2162722.1490840055
1868,2021-02-11,2381722.558182397
1869,2021-02-12,2143548.811255575
1870,2021-02-13,1524496.4088809204
1871,2021-02-14,1989965.4738860677
1872,2021-02-15,2271037.822858814
1873,2021-02-16,2515309.88902975
1874,2021-02-17,2077696.296202234
1875,2021-02-18,2202921.049314571
1876,2021-02-19,2365992.8047458855
1877,2021-02-20,2195460.0205980875
1878,2021-02-21,1784572.2004049867
1879,2021-02-22,1991241.4059263412
1880,2021-02-23,2173494.9447755693
1881,2021-02-24,2121419.752623374
1882,2021-02-25,2313430.1727082557
1883,2021-02-26,2069107.6827487755
1884,2021-02-27,1677568.5346600553
1885,2021-02-28,1732528.4446825883
1886,2021-03-01,1784275.0426643416
1887,2021-03-02,1888598.3906587074
1888,2021-03-03,1875555.6054897762
1889,2021-03-04,1518628.3708540269
1890,2021-03-05,1779724.7621046035
1891,2021-03-06,1532927.6924776402
1892,2021-03-07,2131170.9444407476
1893,2021-03-08,1960164.6905253993
1894,2021-03-09,1950759.746582286
1895,2021-03-10,1707223.4466062216
1896,2021-03-11,1686284.5256209061
1897,2021-03-12,1403994.234407919
1898,2021-03-13,1198768.626284296
1899,2021-03-14,1310705.0016122293
1900,2021-03-15,1304712.9631716223
1901,2021-03-16,1462311.3711877337
1902,2021-03-17,1459949.3649105476
1903,2021-03-18,1305655.2373274837
1904,2021-03-19,1229178.3602250156
1905,2021-03-20,1141108.221543033
1906,2021-03-21,1111269.2474097142
1907,2021-03-22,1303028.3947767767
1908,2021-03-23,1820037.7526845175
1909,2021-03-24,1642262.4595887067
1910,2021-03-25,1714693.320537224
1911,2021-03-26,1455942.7704662743
1912,2021-03-27,1234256.2736862684
1913,2021-03-28,921871.4806203037
1914,2021-03-29,1608390.2359848502
1915,2021-03-30,1498394.3950540042
1916,2021-03-31,1363836.5238960125
1917,2021-04-01,1367155.363143109
1918,2021-04-02,1385175.1391694308
1919,2021-04-03,1343101.899208912
1920,2021-04-04,1158422.7721508534
1921,2021-04-05,1752316.9899715276
1922,2021-04-06,2112936.200079334
1923,2021-04-07,1701486.9072858945
1924,2021-04-08,1502138.7595533524
1925,2021-04-09,1595604.2799944505
1926,2021-04-10,1540955.8423908053
1927,2021-04-11,1369947.8337563388
1928,2021-04-12,1677284.9994405967
1929,2021-04-13,1910823.298858516
1930,2021-04-14,1825474.5914273402
1931,2021-04-15,1847187.5771458303
1932,2021-04-16,1838170.578444089
1933,2021-04-17,1141728.0913403293
1934,2021-04-18,1655752.753902911
1935,2021-04-19,1279783.3824171573
1936,2021-04-20,1869473.9435563402
1937,2021-04-21,1930649.3890010188
1938,2021-04-22,2189518.075817514
1939,2021-04-23,2184878.17228987
1940,2021-04-24,1601340.3717844605
1941,2021-04-25,1637219.907682362
1942,2021-04-26,2153568.7569878516
1943,2021-04-27,2288671.0021766103
1944,2021-04-28,2005694.123905418
1945,2021-04-29,2113534.732219948
1946,2021-04-30,2291090.288178675
1947,2021-05-01,1609084.8921335426
1948,2021-05-02,1492195.7128367196
1949,2021-05-03,2160532.978446957
1950,2021-05-04,2281525.1487654955
1951,2021-05-05,1829464.9849490782
1952,2021-05-06,1809184.201589053
1953,2021-05-07,1940607.4922763945
1954,2021-05-08,1377275.223697923
1955,2021-05-09,1087017.0434825018
1956,2021-05-10,1414063.2161480235
1957,2021-05-11,1205320.6132946522
1958,2021-05-12,1558112.2488245245
1959,2021-05-13,2502521.9177196533
1960,2021-05-14,2291844.6683706567
1961,2021-05-15,1922161.1473690595
1962,2021-05-16,1827949.9628672444
1963,2021-05-17,2587553.5015879567
1964,2021-05-18,1868815.4293386065
1965,2021-05-19,3028422.4864820777
1966,2021-05-20,2852078.7103717336
1967,2021-05-21,2195789.558330042
1968,2021-05-22,2363175.7205573167
1969,2021-05-23,2230242.999971655
1970,2021-05-24,2610428.8167468617
1971,2021-05-25,2289844.615899725
1972,2021-05-26,2222384.34359886
1973,2021-05-27,1982668.8702467163
1974,2021-05-28,2897052.407759485
1975,2021-05-29,2039125.5009289046
1976,2021-05-30,1082550.3020988763
1977,2021-05-31,1126569.5106379518
1978,2021-06-01,1490940.3679023613
1979,2021-06-02,1153281.5869881245
1980,2021-06-03,1223004.1311998535
1981,2021-06-04,1028877.2534888064
1982,2021-06-05,765291.5654282721
1983,2021-06-06,1783108.8224150224
1984,2021-06-07,2157358.542782184
1985,2021-06-08,2527319.4607550697
1986,2021-06-09,1325571.0529244493
1987,2021-06-10,1412035.3480744276
1988,2021-06-11,1463831.001040689
1989,2021-06-12,1009990.6984393726
1990,2021-06-13,1183321.5124375338
1991,2021-06-14,1487002.2788881427
1992,2021-06-15,1403796.12825071
1993,2021-06-16,1608456.6915326284
1994,2021-06-17,1568658.0409144466
1995,2021-06-18,1556124.0473470483
1996,2021-06-19,1079547.0835867121
1997,2021-06-20,1277754.7958710135
1998,2021-06-21,1748728.0993405867
1999,2021-06-22,1936916.6581671324
2000,2021-06-23,1822712.0643850984
2001,2021-06-24,1857830.353326233
2002,2021-06-25,2377849.556671677
2003,2021-06-26,1775215.192297923
2004,2021-06-27,1374020.9571261848
2005,2021-06-28,1568948.173757771
2006,2021-06-29,1376609.2013269826
2007,2021-06-30,1238334.3560761532
2008,2021-07-01,1644452.3164745774
2009,2021-07-02,1732809.496393811
2010,2021-07-03,1296389.1614878166
2011,2021-07-04,1587004.7076152116
2012,2021-07-05,1440760.8578943606
2013,2021-07-06,1332945.629839787
2014,2021-07-07,1325686.4933679493
2015,2021-07-08,3251402.8090853877
2016,2021-07-09,3425602.0530440975
2017,2021-07-10,1855040.5895289658
2018,2021-07-11,1858544.0997927322
2019,2021-07-12,1676904.1636154528
2020,2021-07-13,1515231.3406751284
2021,2021-07-14,1504272.591367684
2022,2021-07-15,1849483.7770742797
2023,2021-07-16,1829236.3209806394
2024,2021-07-17,1858454.2191117574
2025,2021-07-18,1172816.4185356626
2026,2021-07-19,1798945.0790203237
2027,2021-07-20,1820526.0196784767
2028,2021-07-21,1875543.767030717
2029,2021-07-22,1808323.3206462918
2030,2021-07-23,1752077.6797736164
2031,2021-07-24,1502292.7798650577
2032,2021-07-25,1464218.165195532
2033,2021-07-26,2298723.5434574555
2034,2021-07-27,7397981.684517844
2035,2021-07-28,4070288.15811901
2036,2021-07-29,2612465.1141455527
2037,2021-07-30,1811007.7041541957
2038,2021-07-31,2044926.8417713153
2039,2021-08-01,3288590.183362305
2040,2021-08-02,2706714.7531851646
2041,2021-08-03,2488175.132468804
2042,2021-08-04,2373221.5531227635
2043,2021-08-05,1837056.0634328253
2044,2021-08-06,2004227.1469750272
2045,2021-08-07,1888212.3147366503
2046,2021-08-08,1756552.9427316815
2047,2021-08-09,1920458.2544779354
2048,2021-08-10,1837738.1573076136
2049,2021-08-11,2256473.3253916935
2050,2021-08-12,1892160.6001472785
2051,2021-08-13,1662561.3585278925
2052,2021-08-14,1747047.1199523585
2053,2021-08-15,1773893.0252111347
2054,2021-08-16,2342566.491913669
2055,2021-08-17,2411529.078434651
2056,2021-08-18,2730229.536729336
2057,2021-08-19,2580776.052760663
2058,2021-08-20,2300800.7630459615
2059,2021-08-21,2424895.858515853
2060,2021-08-22,1809055.8831505934
2061,2021-08-23,3171076.846912781
2062,2021-08-24,8152009.30387915
2063,2021-08-25,4217114.320627692
2064,2021-08-26,4701248.281812728
2065,2021-08-27,3920236.8648796356
2066,2021-08-28,3498033.5672179097
2067,2021-08-29,3649542.150278099
2068,2021-08-30,4016524.505739189
2069,2021-08-31,3858631.497890583
2070,2021-09-01,4131376.2110228473
2071,2021-09-02,4193550.7271705675
2072,2021-09-03,3019348.47634818
2073,2021-09-04,2784449.2082709754
2074,2021-09-05,2173011.2349828053
2075,2021-09-06,3562101.2749646944
2076,2021-09-07,3817589.215276094
2077,2021-09-08,3319896.377258608
2078,2021-09-09,3844313.127445629
2079,2021-09-10,9990174.840530355
2080,2021-09-11,5579844.2526097195
2081,2021-09-12,4486070.983122285
2082,2021-09-13,10039426.29419657
2083,2021-09-14,11250928.22510068
2084,2021-09-15,3971923.070993763
2085,2021-09-16,4342009.638194258
2086,2021-09-17,3488122.3132882356
2087,2021-09-18,3012660.2516417275
2088,2021-09-19,2509473.337319742
2089,2021-09-20,5600407.119709156
2090,2021-09-21,11240709.132023357
2091,2021-09-22,5028553.567940008
2092,2021-09-23,4366740.344154855
2093,2021-09-24,4244794.6065077465
2094,2021-09-25,5211573.500413885
2095,2021-09-26,3017206.0355365877
2096,2021-09-27,4261128.528784374
2097,2021-09-28,3550791.367180739
2098,2021-09-29,3983314.4597960454
2099,2021-09-30,4383571.244689217
2100,2021-10-01,4456216.004444779
2101,2021-10-02,3210288.2326443335
2102,2021-10-03,3573483.963543816
2103,2021-10-04,3717018.7696915916
2104,2021-10-05,4900821.263465611
2105,2021-10-06,4931625.6860101335
2106,2021-10-07,4510651.364560848
2107,2021-10-08,4004225.078015053
2108,2021-10-09,3196245.454006735
2109,2021-10-10,2806333.512513991
2110,2021-10-11,4364851.196116968
2111,2021-10-12,3511729.900635487
2112,2021-10-13,3256483.42741312
2113,2021-10-14,2741066.673931458
2114,2021-10-15,3849193.64901156
2115,2021-10-16,2939943.7528603044
2116,2021-10-17,3239838.2356440756
2117,2021-10-18,4029344.331521206
2118,2021-10-19,11127801.526359117
2119,2021-10-20,4907655.068237914
2120,2021-10-21,4360430.104322672
2121,2021-10-22,3525994.664707556
2122,2021-10-23,2686502.790788141
2123,2021-10-24,2775219.8825832275
2124,2021-10-25,3249563.474102268
2125,2021-10-26,3513661.8233981305
2126,2021-10-27,2920437.258214779
2127,2021-10-28,2958362.9156418713
2128,2021-10-29,3101401.4136482566
2129,2021-10-30,3186564.287372836
2130,2021-10-31,2655904.4116832376
2131,2021-11-01,3245911.4347137553
2132,2021-11-02,3526612.352360362
2133,2021-11-03,3402811.470202646
2134,2021-11-04,4212181.034661179
2135,2021-11-05,4333288.324810274
2136,2021-11-06,4347687.674062646
2137,2021-11-07,3457653.307809657
2138,2021-11-08,5855254.9449428385
2139,2021-11-09,4939065.725496436
2140,2021-11-10,4611901.960245483
2141,2021-11-11,3871710.2348182844
2142,2021-11-12,4033451.7962219585
2143,2021-11-13,3317164.602504276
2144,2021-11-14,3032269.457738888
2145,2021-11-15,4363614.673325239
2146,2021-11-16,12111675.860512996
2147,2021-11-17,6180491.2711301455
2148,2021-11-18,5502222.269616237
2149,2021-11-19,4604956.969303518
2150,2021-11-20,3506542.0329600484
2151,2021-11-21,3585506.2246095245
2152,2021-11-22,4334430.964369193
2153,2021-11-23,4381844.45336183
2154,2021-11-24,4894575.947618818
2155,2021-11-25,5264444.8353507435
2156,2021-11-26,5023391.637659539
2157,2021-11-27,2901741.32810071
2158,2021-11-28,3215364.790707165
2159,2021-11-29,4154352.0452981344
2160,2021-11-30,4261988.630587518
2161,2021-12-01,3771439.8502926603
2162,2021-12-02,3819393.0595037355
2163,2021-12-03,3502460.632971945
2164,2021-12-04,4372553.606055833
2165,2021-12-05,2915405.160698457
2166,2021-12-06,5448763.986232192
2167,2021-12-07,5227643.781226649
2168,2021-12-08,4330229.187121821
2169,2021-12-09,3129236.9848604347
2170,2021-12-10,3010302.5240407814
2171,2021-12-11,2570373.6421422786
2172,2021-12-12,2255123.2496314533
2173,2021-12-13,3044860.119744448
2174,2021-12-14,8862769.662685558
2175,2021-12-15,3942779.4126393083
2176,2021-12-16,3458450.297340925
2177,2021-12-17,3038603.217944541
2178,2021-12-18,2798827.3070663307
2179,2021-12-19,2379754.541383044
2180,2021-12-20,2965053.1793481456
2181,2021-12-21,2709775.52757867
2182,2021-12-22,3186379.1002782304
2183,2021-12-23,3214607.737065778
2184,2021-12-24,2859457.513032294
2185,2021-12-25,2411011.673237104
2186,2021-12-26,2463062.500946899
2187,2021-12-27,3132093.957033694
2188,2021-12-28,3275690.7313671606
2189,2021-12-29,3496397.098998478
2190,2021-12-30,3153503.5049096188
2191,2021-12-31,3186813.090095289
2192,2022-01-01,2315881.3595460686
2193,2022-01-02,2244948.028501955
2194,2022-01-03,3397829.4024286964
2195,2022-01-04,3191635.020520597
2196,2022-01-05,4080367.4251489425
2197,2022-01-06,3800536.5785830296
2198,2022-01-07,3618186.815128567
2199,2022-01-08,2819429.360388602
2200,2022-01-09,2651962.5791724892
2201,2022-01-10,3425558.8293761113
2202,2022-01-11,7366049.453529414
2203,2022-01-12,4649017.362188389
2204,2022-01-13,4276418.502271515
2205,2022-01-14,3870686.1614114684
2206,2022-01-15,3947497.416968885
2207,2022-01-16,3778329.067226892
2208,2022-01-17,3718675.8798356093
2209,2022-01-18,4353080.97296091
2210,2022-01-19,3766636.232506605
2211,2022-01-20,3530846.4320368627
2212,2022-01-21,5170218.118375935
2213,2022-01-22,6382051.784132126
2214,2022-01-23,5712572.955759219
2215,2022-01-24,6746078.391951279
2216,2022-01-25,5673556.2357643815
2217,2022-01-26,4148940.092318634
2218,2022-01-27,3990330.0797059
2219,2022-01-28,4246151.288830016
2220,2022-01-29,3909486.618842624
2221,2022-01-30,3771459.042280025
2222,2022-01-31,3931379.013667263
2223,2022-02-01,3896197.7763935393
2224,2022-02-02,3335079.0414780513
2225,2022-02-03,3608398.681465243
2226,2022-02-04,4479684.049202698
2227,2022-02-05,3530466.1483401367
2228,2022-02-06,3046303.609182887
2229,2022-02-07,4719355.74290554
2230,2022-02-08,11957138.876647493
2231,2022-02-09,5388473.661160568
2232,2022-02-10,5358161.687895761
2233,2022-02-11,3919197.42654084
2234,2022-02-12,3186538.528201766
2235,2022-02-13,3288531.5820301943
2236,2022-02-14,3957897.445265183
2237,2022-02-15,3425575.576609511
2238,2022-02-16,3913108.632183554
2239,2022-02-17,3664305.816617879
2240,2022-02-18,3922024.418469786
2241,2022-02-19,3223183.094929328
2242,2022-02-20,3411589.0902394024
2243,2022-02-21,4987413.6427289685
2244,2022-02-22,4756839.957879695
2245,2022-02-23,3597031.7363075987
2246,2022-02-24,4283223.897380714
2247,2022-02-25,4323350.108244295
2248,2022-02-26,3127279.399220422
2249,2022-02-27,2944240.9739623694
2250,2022-02-28,4322021.623452314
2251,2022-03-01,4987587.416539646
2252,2022-03-02,3629538.7098137247
2253,2022-03-03,3945266.274588509
2254,2022-03-04,3555251.860971185
2255,2022-03-05,2616672.691551767
2256,2022-03-06,2764429.344985245
2257,2022-03-07,3589195.557937871
2258,2022-03-08,8872860.88592986
2259,2022-03-09,7533865.344678688
2260,2022-03-10,4892503.755380897
2261,2022-03-11,4127599.072457916
2262,2022-03-12,3409279.418202022
2263,2022-03-13,3471559.7855672208
2264,2022-03-14,4364034.51608986
2265,2022-03-15,3666648.66891235
2266,2022-03-16,4174563.629012115
2267,2022-03-17,4107138.756632428
2268,2022-03-18,3376443.662165391
2269,2022-03-19,3631155.299323481
2270,2022-03-20,2497434.717401906
2271,2022-03-21,4501419.76668248
2272,2022-03-22,3615218.6459022346
2273,2022-03-23,3333457.0345256096
2274,2022-03-24,3540391.7314428156
2275,2022-03-25,4223371.807955236
2276,2022-03-26,3316818.7526846156
2277,2022-03-27,3293481.1987170065
2278,2022-03-28,4739013.594120078
2279,2022-03-29,4449903.516454739
2280,2022-03-30,3680077.071510629
2281,2022-03-31,3918935.8536600834
2282,2022-04-01,3434271.0680333837
2283,2022-04-02,4019035.007102952
2284,2022-04-03,2946637.783995529
2285,2022-04-04,3541538.8632988413
2286,2022-04-05,7671351.704177906
2287,2022-04-06,6304541.087025628
2288,2022-04-07,5536026.916361451
2289,2022-04-08,4946555.409587493
2290,2022-04-09,3337379.6858957494
2291,2022-04-10,3396073.771195064
2292,2022-04-11,5731184.872350273
2293,2022-04-12,5024041.897277641
2294,2022-04-13,5150151.352804898
2295,2022-04-14,5494127.011356348
2296,2022-04-15,4131532.485692721
2297,2022-04-16,3189433.8738728925
2298,2022-04-17,3340442.550097964
2299,2022-04-18,5409895.653704382
2300,2022-04-19,4972505.232813409
2301,2022-04-20,4249194.947553279
2302,2022-04-21,5470603.307709645
2303,2022-04-22,5495355.369248311
2304,2022-04-23,4701306.226342195
2305,2022-04-24,5282577.837335631
2306,2022-04-25,8085468.213699937
2307,2022-04-26,7555584.969795853
2308,2022-04-27,6798134.088297998
2309,2022-04-28,6930073.819942506
2310,2022-04-29,5369885.747566994
2311,2022-04-30,3764940.3235171842
2312,2022-05-01,4016733.5354354414
2313,2022-05-02,6371776.480039582
2314,2022-05-03,8811113.308480665
2315,2022-05-04,6270271.115546292
2316,2022-05-05,9970430.179964893
2317,2022-05-06,8436799.32906585
2318,2022-05-07,4296760.6247344455
2319,2022-05-08,5062090.260256062
2320,2022-05-09,7906603.444909503
2321,2022-05-10,8493874.495637178
2322,2022-05-11,7324110.04253046
2323,2022-05-12,10019859.369699731
2324,2022-05-13,6761876.7016286785
2325,2022-05-14,4601287.417832917
2326,2022-05-15,2799935.7540684324
2327,2022-05-16,4542247.635733249
2328,2022-05-17,4023776.742210054
2329,2022-05-18,2943905.906281481
2330,2022-05-19,2753286.5850157957
2331,2022-05-20,2433751.509894325
2332,2022-05-21,1526229.1838886163
2333,2022-05-22,1189443.3733409487
2334,2022-05-23,2112390.008140285
2335,2022-05-24,2564577.4340816108
2336,2022-05-25,1932187.5127403233
2337,2022-05-26,2321169.076322242
2338,2022-05-27,2809906.8668479724
2339,2022-05-28,1574808.3837342055
2340,2022-05-29,1508386.053168218
2341,2022-05-30,2255369.048189984
2342,2022-05-31,4503324.897421237
2343,2022-06-01,3524202.9690631144
2344,2022-06-02,2253835.3527373336
2345,2022-06-03,2018440.1884760882
2346,2022-06-04,1320781.9694149306
2347,2022-06-05,1514488.2626298196
2348,2022-06-06,2225862.4879331454
2349,2022-06-07,2490565.227489953
2350,2022-06-08,1886979.2493481555
2351,2022-06-09,1638041.460624255
2352,2022-06-10,2415167.275173259
2353,2022-06-11,2215293.909529822
2354,2022-06-12,2365067.8721057274
2355,2022-06-13,7950792.166935221
2356,2022-06-14,13699201.286760954
2357,2022-06-15,17685861.218543466
2358,2022-06-16,13439083.637873286
2359,2022-06-17,11710881.064843578
2360,2022-06-18,10560717.105945444
2361,2022-06-19,5043012.149583781
2362,2022-06-20,4424192.444247196
2363,2022-06-21,4176311.885708452
2364,2022-06-22,3246047.3190708146
2365,2022-06-23,2934106.2148207603
2366,2022-06-24,3655204.2786163543
2367,2022-06-25,1769259.0302856842
2368,2022-06-26,1372513.5461837812
2369,2022-06-27,2980504.0852102228
2370,2022-06-28,3984964.2167435642
2371,2022-06-29,4626676.379342954
2372,2022-06-30,4723524.188410398
2373,2022-07-01,4991768.387879735
2374,2022-07-02,3320258.447381267
2375,2022-07-03,3337707.842693124
2376,2022-07-04,3652243.870568004
2377,2022-07-05,3655744.988303669
2378,2022-07-06,3365689.613227159
2379,2022-07-07,2641134.5626791795
2380,2022-07-08,3743320.127586126
2381,2022-07-09,2403375.761165816
2382,2022-07-10,1801928.337839187
2383,2022-07-11,4630750.7153260335
2384,2022-07-12,4606410.647371236
2385,2022-07-13,5325507.670947687
2386,2022-07-14,3178632.39913464
2387,2022-07-15,3610616.4632015373
2388,2022-07-16,2729080.9262398053
2389,2022-07-17,1709406.4180747587
2390,2022-07-18,3309147.2064183163
2391,2022-07-19,3326550.2721271534
2392,2022-07-20,2573993.500964621
2393,2022-07-21,3759916.7023962364
2394,2022-07-22,3237588.5031510214
2395,2022-07-23,2654289.091787272
2396,2022-07-24,1699845.6369709196
2397,2022-07-25,3753288.8881868296
2398,2022-07-26,5210200.533501431
2399,2022-07-27,3749740.110883333
2400,2022-07-28,3178041.8131235903
2401,2022-07-29,3425362.2152062766
2402,2022-07-30,1805369.2393478816
2403,2022-07-31,1566853.9576974483
2404,2022-08-01,3451792.690272312
2405,2022-08-02,3848350.0719659138
2406,2022-08-03,4346314.72139846
2407,2022-08-04,3705608.540538079
2408,2022-08-05,4429126.362053216
2409,2022-08-06,2376954.013019606
2410,2022-08-07,1245601.1011729778
2411,2022-08-08,5535643.639714604
2412,2022-08-09,3982542.211739573
2413,2022-08-10,4707647.916283882
2414,2022-08-11,3822312.045913875
2415,2022-08-12,2556005.268895124
2416,2022-08-13,1766078.3451012822
2417,2022-08-14,1232189.9675736786
2418,2022-08-15,3447594.1144452193
2419,2022-08-16,3290019.3759421282
2420,2022-08-17,3486262.9541284684
2421,2022-08-18,2472311.307709068
2422,2022-08-19,4540414.320883608
2423,2022-08-20,4251579.265391692
2424,2022-08-21,2235957.7253973833
2425,2022-08-22,5140360.63634013
2426,2022-08-23,5178174.48151587
2427,2022-08-24,3602882.929386728
2428,2022-08-25,3252453.4203076763
2429,2022-08-26,2905835.770471331
2430,2022-08-27,2997839.6654565064
2431,2022-08-28,1801926.9700546167
2432,2022-08-29,3703055.5399273834
2433,2022-08-30,3449140.856145006
2434,2022-08-31,4242118.662207318
2435,2022-09-01,4197325.022564245
2436,2022-09-02,3912131.5957854963
2437,2022-09-03,1971909.483644446
2438,2022-09-04,2520344.7297812453
2439,2022-09-05,4359954.353953268
2440,2022-09-06,6433456.75445262
2441,2022-09-07,5792815.361628444
2442,2022-09-08,4935443.096167318
2443,2022-09-09,4131765.663908668
2444,2022-09-10,2332596.900838978
2445,2022-09-11,1309161.356705137
2446,2022-09-12,2424473.589455792
2447,2022-09-13,2854240.2616934623
2448,2022-09-14,4575128.29641882
2449,2022-09-15,4070145.8836299563
2450,2022-09-16,3118813.4483982488
2451,2022-09-17,1862224.1661838284
2452,2022-09-18,1959548.7609477157
2453,2022-09-19,4848041.567004029
2454,2022-09-20,4501260.7516595125
2455,2022-09-21,4653045.127716519
2456,2022-09-22,3468487.3327136566
2457,2022-09-23,2872055.0901027084
2458,2022-09-24,1573602.1006089486
2459,2022-09-25,1805999.893671144
2460,2022-09-26,3041921.6551333037
2461,2022-09-27,2802125.310309138
2462,2022-09-28,3245541.848859748
2463,2022-09-29,2775712.7277221647
2464,2022-09-30,2587327.687655887
2465,2022-10-01,1450113.1618801192
2466,2022-10-02,1197649.4389986398
2467,2022-10-03,2421937.1087675253
2468,2022-10-04,2470136.433384029
2469,2022-10-05,2144871.821332041
2470,2022-10-06,1718745.064993171
2471,2022-10-07,1779581.6874984638
2472,2022-10-08,1452643.7094669903
2473,2022-10-09,1512885.741051015
2474,2022-10-10,2316428.003941476
2475,2022-10-11,2655452.170246279
2476,2022-10-12,2379349.684720743
2477,2022-10-13,2738882.9441652996
2478,2022-10-14,1979394.524742859
2479,2022-10-15,897539.1078840513
2480,2022-10-16,836631.3579371872
2481,2022-10-17,1527703.4443137392
2482,2022-10-18,2248936.216591104
2483,2022-10-19,2344968.418260424
2484,2022-10-20,1777927.965661052
2485,2022-10-21,1862711.191530962
2486,2022-10-22,1261099.294643949
2487,2022-10-23,1297836.7858057516
2488,2022-10-24,1844797.6466453774
2489,2022-10-25,1891425.340954984
2490,2022-10-26,2570391.3850524626
2491,2022-10-27,2653049.6426012316
2492,2022-10-28,1819986.147359374
2493,2022-10-29,1846580.7331104982
2494,2022-10-30,1323024.3160765
2495,2022-10-31,2101561.4841118557
2496,2022-11-01,2112775.542126166
2497,2022-11-02,2461202.9228104325
2498,2022-11-03,3427399.934423203
2499,2022-11-04,3677486.708537386
2500,2022-11-05,1912637.8599863178
2501,2022-11-06,3904182.570971956
2502,2022-11-07,3924826.372319456
2503,2022-11-08,2127550.488696613
2504,2022-11-09,3710317.2516000043
2505,2022-11-10,3918655.7651363993
2506,2022-11-11,4083747.7806559545
2507,2022-11-12,2511160.2204935485
2508,2022-11-13,3371576.6816561674
2509,2022-11-14,3181831.0516961063
2510,2022-11-15,2704574.949456217
2511,2022-11-16,2197904.1846294017
2512,2022-11-17,1608293.9950869407
2513,2022-11-18,1797707.1688343533
2514,2022-11-19,1188723.0113534098
2515,2022-11-20,1633639.7550753946
2516,2022-11-21,1744871.1383014452
2517,2022-11-22,1528416.0096948573
2518,2022-11-23,1271249.922801923
2519,2022-11-24,929311.3968511923
2520,2022-11-25,1517766.1015952455
2521,2022-11-26,794920.3345765442
2522,2022-11-27,693341.9995760687
2523,2022-11-28,988137.3833619938
2524,2022-11-29,943505.6675236494
2525,2022-11-30,867578.712561914
2526,2022-12-01,891519.367442129
2527,2022-12-02,814875.1287351571
2528,2022-12-03,686948.1327285091
2529,2022-12-04,561992.0040751582
2530,2022-12-05,922708.7354684426
2531,2022-12-06,806304.5718507229
2532,2022-12-07,894608.8607571822
2533,2022-12-08,942080.8327875861
2534,2022-12-09,881416.3850032636
2535,2022-12-10,675374.8720834216
2536,2022-12-11,629574.6375548412
2537,2022-12-12,869451.699343001
2538,2022-12-13,1262929.2437165785
2539,2022-12-14,1372297.6011682807
2540,2022-12-15,1035331.2315554506
2541,2022-12-16,1122824.3291111407
2542,2022-12-17,788260.7326860706
2543,2022-12-18,707201.717852375
2544,2022-12-19,1048878.135590823
2545,2022-12-20,992503.2210049293
2546,2022-12-21,864794.505277045
2547,2022-12-22,821592.263027596
2548,2022-12-23,884534.8023663283
2549,2022-12-24,605647.1398725724
2550,2022-12-25,575331.1691897305
2551,2022-12-26,659881.7812890987
2552,2022-12-27,741006.8047307775
2553,2022-12-28,873018.2612190844
2554,2022-12-29,869143.2756851362
2555,2022-12-30,886838.7021504453
2556,2022-12-31,626344.3208336479
2557,2023-01-01,557067.332262394
2558,2023-01-02,687118.9776571828
2559,2023-01-03,826711.6094618037
2560,2023-01-04,873364.0109654499
2561,2023-01-05,880423.9940730534
2562,2023-01-06,996723.0636320307
2563,2023-01-07,746382.9465509554
2564,2023-01-08,713516.5269486653
2565,2023-01-09,1053342.293093283
2566,2023-01-10,976337.6001155049
2567,2023-01-11,861426.9800475255
2568,2023-01-12,1084938.9204250053
2569,2023-01-13,1086017.6112302993
2570,2023-01-14,923781.2199786324
2571,2023-01-15,752455.5370939483
2572,2023-01-16,828838.3479693823
2573,2023-01-17,1006166.2339713434
2574,2023-01-18,900026.6785086121
2575,2023-01-19,814820.2785567177
2576,2023-01-20,827030.5738233835
2577,2023-01-21,838929.5034871416
2578,2023-01-22,650097.114125325
2579,2023-01-23,848769.1028921938
2580,2023-01-24,759210.1265135878
2581,2023-01-25,847506.3279130658
2582,2023-01-26,784070.9508340667
2583,2023-01-27,789086.1864345849
2584,2023-01-28,517435.0475324572
2585,2023-01-29,573135.4241984705
