,x,y
0,2009-01-17 16:04:01,785.5
1,2009-01-22 09:42:13,1261.0
2,2009-01-25 19:22:56,1742.5
3,2009-01-30 07:59:19,2216.847222222222
4,2009-02-03 08:02:52,2701.2361111111113
5,2009-02-07 07:47:10,3205.4305555555557
6,2009-02-11 05:16:55,3654.5
7,2009-02-15 05:06:09,4146.5
8,2009-02-19 09:45:48,4610.5
9,2009-02-23 15:56:37,5091.5
10,2009-02-28 07:00:41,5571.652777777777
11,2009-03-05 04:03:43,6041.375
12,2009-03-09 15:54:06,6510.388888888889
13,2009-03-14 04:46:49,7007.444444444444
14,2009-03-18 12:59:03,7465.5
15,2009-03-23 08:31:57,7942.25
16,2009-03-27 18:31:32,8421.5
17,2009-04-01 07:13:48,8896.277777777777
18,2009-04-05 20:17:51,9433.5
19,2009-04-10 17:50:24,9923.833333333334
20,2009-04-14 23:33:20,10418.5
21,2009-04-19 06:11:25,10926.5
22,2009-04-23 19:25:21,11313.152777777777
23,2009-04-28 08:52:30,11813.5
24,2009-05-02 09:04:35,12302.069444444445
25,2009-05-06 15:14:58,12775.583333333334
26,2009-05-11 14:58:31,13296.25
27,2009-05-15 12:43:24,13807.694444444445
28,2009-05-20 05:10:28,14322.402777777777
29,2009-05-26 09:04:46,14847.722222222223
30,2009-05-31 02:54:09,15311.819444444445
31,2009-06-08 08:59:09,15819.166666666666
32,2009-06-14 11:40:34,16333.166666666666
33,2009-06-20 21:15:17,16842.63888888889
34,2009-06-27 11:21:52,17298.055555555555
35,2009-07-04 04:20:03,17814.5
36,2009-07-10 13:59:14,18322.902777777777
37,2009-07-19 10:04:17,18851.305555555555
38,2009-07-27 21:02:34,19261.166666666668
39,2009-08-08 05:20:35,19744.097222222223
40,2009-08-15 04:46:18,20197.319444444445
41,2009-08-30 21:00:10,20671.527777777777
42,2009-09-07 02:44:46,21178.972222222223
43,2009-09-14 17:00:55,21689.75
44,2009-09-22 00:01:24,22110.333333333332
45,2009-09-29 03:09:36,22554.041666666668
46,2009-10-07 04:01:00,23034.083333333332
47,2009-10-15 00:13:04,23490.097222222223
48,2009-10-21 11:09:14,23849.930555555555
49,2009-10-28 09:21:36,24256.583333333332
50,2009-11-07 02:39:08,24678.5
51,2009-11-14 05:30:06,25131.5
52,2009-11-20 01:19:43,25615.26388888889
53,2009-11-25 13:43:31,26051.5
54,2009-12-02 09:54:37,26452.291666666668
55,2009-12-08 09:55:59,26870.88888888889
56,2009-12-13 04:54:25,27286.5
57,2009-12-17 10:58:13,27442.5
58,2009-12-19 21:34:43,27945.5
59,2009-12-22 20:29:46,28448.5
60,2009-12-26 03:23:02,28954.5
61,2009-12-29 08:55:01,29468.305555555555
62,2010-01-02 09:12:10,30001.722222222223
63,2010-01-05 06:08:16,30462.5
64,2010-01-08 08:53:13,30966.5
65,2010-01-11 10:36:52,31473.5
66,2010-01-14 15:52:32,31770.86111111111
67,2010-01-18 09:02:19,32259.5
68,2010-01-21 20:06:23,32764.5
69,2010-01-25 04:06:53,33266.5
70,2010-01-27 18:44:33,33701.73611111111
71,2010-01-30 12:44:18,34158.458333333336
72,2010-02-02 09:50:20,34613.5
73,2010-02-04 16:43:12,35099.875
74,2010-02-07 01:05:26,35323.541666666664
75,2010-02-09 10:25:22,35706.88888888889
76,2010-02-12 07:35:19,35120.27777777778
77,2010-02-14 17:37:33,35479.291666666664
78,2010-02-17 09:32:37,35886.666666666664
79,2010-02-19 19:21:16,36334.944444444445
80,2010-02-22 02:58:39,36740.666666666664
81,2010-02-24 04:05:38,36961.708333333336
82,2010-02-27 06:56:39,37218.47222222222
83,2010-03-02 03:01:28,37588.819444444445
84,2010-03-05 01:48:55,37743.75
85,2010-03-07 23:23:04,37883.27777777778
86,2010-03-11 13:04:31,38089.47222222222
87,2010-03-15 07:38:25,38499.59722222222
88,2010-03-19 03:01:36,38932.36111111111
89,2010-03-21 22:54:24,39231.958333333336
90,2010-03-24 17:42:52,39641.0
91,2010-03-27 09:46:42,39738.680555555555
92,2010-03-30 03:06:42,40169.444444444445
93,2010-04-01 22:45:04,40697.97222222222
94,2010-04-05 01:08:43,41127.15277777778
95,2010-04-08 01:35:47,41344.01388888889
96,2010-04-10 13:42:51,41477.65277777778
97,2010-04-12 21:00:18,41808.875
98,2010-04-15 12:59:47,42207.333333333336
99,2010-04-17 23:27:10,41894.708333333336
100,2010-04-20 03:58:21,45011.555555555555
101,2010-04-22 18:29:23,45190.430555555555
102,2010-04-25 23:32:44,45497.97222222222
103,2010-04-28 22:25:02,45835.625
104,2010-05-02 04:30:22,46267.23611111111
105,2010-05-05 15:23:17,46433.65277777778
106,2010-05-09 05:14:12,46373.40277777778
107,2010-05-13 05:59:57,46533.791666666664
108,2010-05-17 16:15:17,44998.208333333336
109,2010-05-20 17:32:08,45266.069444444445
110,2010-05-23 10:02:06,45388.59722222222
111,2010-05-25 21:41:03,45730.77777777778
112,2010-05-28 10:16:26,46041.5
113,2010-05-31 09:47:14,46384.444444444445
114,2010-06-03 23:16:57,46654.02777777778
115,2010-06-07 14:22:58,46997.944444444445
116,2010-06-10 18:49:56,47155.15277777778
117,2010-06-14 01:05:30,47534.041666666664
118,2010-06-17 06:20:20,47794.916666666664
119,2010-06-20 14:03:17,48036.333333333336
120,2010-06-23 17:54:27,48426.23611111111
121,2010-06-26 21:54:42,48805.61111111111
122,2010-06-30 01:21:32,49145.375
123,2010-07-02 19:43:26,48613.805555555555
124,2010-07-05 13:22:27,48428.34722222222
125,2010-07-08 17:59:14,48682.333333333336
126,2010-07-11 12:16:31,49002.47222222222
127,2010-07-12 19:22:45,50551.541666666664
128,2010-07-13 12:36:10,51432.26388888889
129,2010-07-14 11:19:22,52280.86111111111
130,2010-07-15 08:46:20,57525.069444444445
131,2010-07-16 05:20:13,56948.25
132,2010-07-17 20:38:31,57537.84722222222
133,2010-07-20 19:31:30,57864.055555555555
134,2010-07-23 11:16:22,58281.305555555555
135,2010-07-25 23:47:17,58634.458333333336
136,2010-07-28 16:18:17,58154.13888888889
137,2010-07-31 12:30:33,58007.40277777778
138,2010-08-02 16:40:32,58229.930555555555
139,2010-08-04 20:35:16,58691.13888888889
140,2010-08-07 17:58:11,58763.65277777778
141,2010-08-10 10:14:28,58125.791666666664
142,2010-08-12 16:54:08,58419.72222222222
143,2010-08-14 20:06:26,58722.625
144,2010-08-17 18:57:47,58783.97222222222
145,2010-08-21 03:03:16,58348.59722222222
146,2010-08-23 15:26:28,58707.22222222222
147,2010-08-25 23:52:09,58615.583333333336
148,2010-08-28 17:59:02,58829.833333333336
149,2010-08-31 20:29:06,58795.333333333336
150,2010-09-04 00:54:03,59024.055555555555
151,2010-09-07 02:10:18,59301.75
152,2010-09-10 08:18:02,59664.958333333336
153,2010-09-13 05:58:34,59962.930555555555
154,2010-09-16 01:26:47,60269.458333333336
155,2010-09-18 09:55:30,60086.194444444445
156,2010-09-20 18:06:29,60356.77777777778
157,2010-09-23 11:33:28,60618.38888888889
158,2010-09-25 17:50:35,60911.26388888889
159,2010-09-28 02:28:03,61012.930555555555
160,2010-10-01 00:52:50,60131.86111111111
161,2010-10-04 21:16:20,60590.194444444445
162,2010-10-08 05:13:28,60762.36111111111
163,2010-10-11 07:52:17,60744.48611111111
164,2010-10-14 07:38:24,60716.541666666664
165,2010-10-16 18:38:53,60922.555555555555
166,2010-10-18 15:32:10,61151.444444444445
167,2010-10-20 18:54:11,61490.666666666664
168,2010-10-23 12:27:49,61815.36111111111
169,2010-10-26 02:54:03,62264.041666666664
170,2010-10-28 09:47:47,62534.13888888889
171,2010-10-30 13:13:32,62623.52777777778
172,2010-11-02 06:23:45,62852.916666666664
173,2010-11-04 22:49:21,63151.805555555555
174,2010-11-07 05:29:56,63224.52777777778
175,2010-11-09 05:22:47,62754.09722222222
176,2010-11-11 13:50:44,63065.52777777778
177,2010-11-14 03:08:10,63327.916666666664
178,2010-11-16 14:16:01,66751.69444444444
179,2010-11-18 14:52:20,67126.59722222222
180,2010-11-22 02:33:26,67543.13888888889
181,2010-11-25 08:47:46,66986.08333333333
182,2010-11-28 00:14:23,65046.34722222222
183,2010-11-30 15:19:16,65467.11111111111
184,2010-12-03 08:23:04,65843.47222222222
185,2010-12-05 15:40:45,66020.43055555556
186,2010-12-07 19:52:17,66515.45833333333
187,2010-12-10 00:34:49,66912.5
188,2010-12-13 02:36:25,67748.66666666667
189,2010-12-16 04:55:45,68249.51388888889
190,2010-12-19 07:12:01,68721.55555555556
191,2010-12-22 02:53:01,69591.20833333333
192,2010-12-25 10:56:29,70658.25
193,2010-12-28 15:56:07,71512.80555555556
194,2010-12-31 17:36:55,72305.01388888889
195,2011-01-03 16:20:29,72972.27777777778
196,2011-01-07 02:20:25,73663.83333333333
197,2011-01-10 03:38:04,75113.01388888889
198,2011-01-13 06:03:22,76332.41666666667
199,2011-01-16 03:23:09,77099.04166666667
200,2011-01-19 05:19:39,78323.26388888889
201,2011-01-22 03:49:56,79621.26388888889
202,2011-01-25 00:40:55,80429.95833333333
203,2011-01-28 01:17:14,81625.63888888889
204,2011-01-31 09:15:30,83023.625
205,2011-02-03 10:17:37,83170.66666666667
206,2011-02-06 04:13:33,84172.76388888889
207,2011-02-08 23:39:27,85105.68055555556
208,2011-02-11 16:06:47,87208.84722222222
209,2011-02-14 05:55:15,89713.5
210,2011-02-16 15:21:36,91360.90277777778
211,2011-02-18 20:31:31,93564.45833333333
212,2011-02-21 15:33:08,96000.375
213,2011-02-23 21:34:45,98614.56944444444
214,2011-02-26 04:04:44,100940.875
215,2011-02-28 06:22:13,102692.15277777778
216,2011-03-03 11:03:33,106033.16666666667
217,2011-03-05 16:57:57,108450.95833333333
218,2011-03-07 15:34:02,108872.44444444444
219,2011-03-10 20:44:58,111272.31944444444
220,2011-03-14 20:56:19,113364.27777777778
221,2011-03-18 19:11:17,115435.69444444444
222,2011-03-22 18:14:11,118904.79166666667
223,2011-03-26 01:21:45,123313.47222222222
224,2011-03-29 08:45:14,127904.16666666667
225,2011-04-01 07:13:58,131329.33333333334
226,2011-04-04 04:15:27,134429.66666666666
227,2011-04-07 06:48:13,138111.31944444444
228,2011-04-10 10:10:04,141479.15277777778
229,2011-04-13 08:01:37,143150.63888888888
230,2011-04-16 12:13:27,144455.69444444444
231,2011-04-19 18:07:19,147212.06944444444
232,2011-04-22 21:40:27,149457.75
233,2011-04-25 19:26:52,151016.66666666666
234,2011-04-28 14:15:45,153545.16666666666
235,2011-05-01 06:35:38,155996.36111111112
236,2011-05-03 19:57:53,158765.05555555556
237,2011-05-06 07:24:21,161482.36111111112
238,2011-05-08 17:10:47,165795.52777777778
239,2011-05-11 00:32:41,168886.625
240,2011-05-13 18:24:16,170690.75
241,2011-05-15 22:30:42,174480.47222222222
242,2011-05-17 23:01:57,182109.79166666666
243,2011-05-20 04:01:12,190485.69444444444
244,2011-05-22 08:13:05,197178.88888888888
245,2011-05-24 05:56:38,203868.83333333334
246,2011-05-25 21:25:09,212208.09722222222
247,2011-05-28 01:07:04,217891.68055555556
248,2011-05-31 03:16:12,229843.56944444444
249,2011-06-03 00:07:59,237927.94444444444
250,2011-06-05 10:18:02,244101.09722222222
251,2011-06-07 20:42:11,253038.0
252,2011-06-10 07:01:09,261160.55555555556
253,2011-06-12 10:44:17,275150.0
254,2011-06-14 14:28:59,288840.7916666667
255,2011-06-16 16:34:12,305216.84722222225
256,2011-06-19 06:47:10,324764.22222222225
257,2011-06-21 10:11:39,346095.47222222225
258,2011-06-23 10:48:27,369331.1388888889
259,2011-06-26 01:01:19,390032.0
260,2011-06-29 04:50:23,408642.25
261,2011-07-02 00:02:40,432915.7083333333
262,2011-07-05 00:13:43,471169.69444444444
263,2011-07-08 13:15:00,490587.6111111111
264,2011-07-11 19:56:17,526427.6666666666
265,2011-07-14 23:39:07,561089.0833333334
266,2011-07-18 01:55:59,594782.3472222222
267,2011-07-21 08:55:31,617034.1388888889
268,2011-07-24 15:57:33,645424.2222222222
269,2011-07-27 14:03:56,669570.4583333334
270,2011-07-30 18:50:37,700213.5694444445
271,2011-08-02 21:36:39,726178.25
272,2011-08-06 14:09:26,742726.4027777778
273,2011-08-10 06:00:34,766217.8194444445
274,2011-08-14 04:52:19,782918.9166666666
275,2011-08-17 23:34:12,800301.3055555555
276,2011-08-21 15:01:52,828755.4583333334
277,2011-08-24 22:57:22,859599.6666666666
278,2011-08-28 19:45:48,886699.8055555555
279,2011-09-01 09:37:52,902963.2083333334
280,2011-09-04 23:45:02,987301.2916666666
281,2011-09-08 13:52:55,999395.3194444445
282,2011-09-12 08:19:24,1004620.0416666666
283,2011-09-15 23:38:26,1013812.5555555555
284,2011-09-19 19:29:02,1024581.3194444445
285,2011-09-23 07:53:51,1036385.4166666666
286,2011-09-27 06:31:41,1069440.2083333333
287,2011-10-01 01:56:17,1084819.375
288,2011-10-05 00:52:20,1093377.9305555555
289,2011-10-09 00:33:11,1103238.75
290,2011-10-13 13:50:36,1112459.388888889
291,2011-10-17 15:09:40,1120520.4305555555
292,2011-10-21 17:43:14,1129379.9444444445
293,2011-10-26 05:40:52,1141928.6527777778
294,2011-10-30 20:39:30,1150714.5972222222
295,2011-11-03 10:34:08,1158295.3055555555
296,2011-11-07 02:55:36,1166534.236111111
297,2011-11-10 18:19:13,1174455.236111111
298,2011-11-14 15:23:50,1183200.1944444445
299,2011-11-18 02:27:35,1189723.9166666667
300,2011-11-22 02:15:46,1197443.6944444445
301,2011-11-26 02:10:35,1205452.013888889
302,2011-11-30 06:02:16,1211668.8472222222
303,2011-12-03 16:10:56,1216023.5277777778
304,2011-12-07 06:43:42,1225508.9722222222
305,2011-12-10 17:16:00,1231770.1944444445
306,2011-12-14 11:05:53,1236360.75
307,2011-12-18 09:49:24,1242799.1944444445
308,2011-12-22 00:53:17,1245657.7916666667
309,2011-12-25 15:11:22,1254889.861111111
310,2011-12-29 01:00:18,1261725.0555555555
311,2012-01-01 15:44:18,1267369.5416666667
312,2012-01-05 05:43:28,1265345.4444444445
313,2012-01-08 07:16:59,1261463.9583333333
314,2012-01-11 21:34:04,1256088.1666666667
315,2012-01-15 12:43:01,1261007.6666666667
316,2012-01-19 04:38:24,1266595.611111111
317,2012-01-22 14:12:28,1273475.2222222222
318,2012-01-26 08:21:41,1282546.1666666667
319,2012-01-29 22:02:01,1289511.4444444445
320,2012-02-02 07:07:30,1297633.8055555555
321,2012-02-05 14:26:09,1306372.0416666667
322,2012-02-09 07:47:53,1316112.6666666667
323,2012-02-12 19:15:36,1324801.111111111
324,2012-02-16 12:20:49,1335439.1944444445
325,2012-02-19 21:39:06,1346291.361111111
326,2012-02-23 08:44:06,1357066.3194444445
327,2012-02-26 19:50:36,1365820.6944444445
328,2012-03-01 01:04:18,1376311.1527777778
329,2012-03-04 22:14:17,1386444.4583333333
330,2012-03-08 12:13:44,1397070.9722222222
331,2012-03-11 23:34:18,1405518.1944444445
332,2012-03-15 15:13:53,1411261.4722222222
333,2012-03-18 23:32:55,1422690.6944444445
334,2012-03-22 12:48:33,1433072.4722222222
335,2012-03-26 01:00:34,1445383.6666666667
336,2012-03-29 15:15:40,1455402.2222222222
337,2012-04-02 06:53:09,1466890.236111111
338,2012-04-06 10:04:25,1471760.138888889
339,2012-04-10 05:19:47,1480853.111111111
340,2012-04-14 04:00:00,1492034.7777777778
341,2012-04-18 04:10:23,1502278.1944444445
342,2012-04-21 22:37:58,1503928.263888889
343,2012-04-25 18:41:39,1514537.5
344,2012-04-29 11:19:42,1526649.0
345,2012-05-02 13:19:05,1536608.0972222222
346,2012-05-05 20:11:17,1548194.7777777778
347,2012-05-09 00:26:49,1555875.9027777778
348,2012-05-12 16:45:36,1562647.1805555555
349,2012-05-16 18:41:57,1573152.7222222222
350,2012-05-20 12:16:52,1582729.4722222222
351,2012-05-24 13:36:50,1598766.888888889
352,2012-05-28 08:00:52,1611251.625
353,2012-06-01 07:14:17,1621588.513888889
354,2012-06-04 17:56:06,1635735.986111111
355,2012-06-08 08:47:36,1644778.6944444445
356,2012-06-11 17:01:28,1657684.75
357,2012-06-15 05:33:49,1675044.5833333333
358,2012-06-18 15:51:08,1693181.263888889
359,2012-06-22 10:48:29,1709216.611111111
360,2012-06-25 20:02:29,1719307.0694444445
361,2012-06-29 09:09:00,1742173.111111111
362,2012-07-03 01:27:01,1765293.3055555555
363,2012-07-06 13:54:42,1785963.3472222222
364,2012-07-09 21:09:43,1801191.5277777778
365,2012-07-13 13:11:27,1815117.4166666667
366,2012-07-17 02:47:24,1827412.1527777778
367,2012-07-20 14:39:24,1832101.375
368,2012-07-24 06:05:48,1857986.0555555555
369,2012-07-27 15:43:06,1881273.7083333333
370,2012-07-30 23:39:52,1904971.125
371,2012-08-03 17:22:46,1918344.7083333333
372,2012-08-07 08:17:30,1943885.0277777778
373,2012-08-10 16:32:27,1967790.9027777778
374,2012-08-14 00:54:33,2016237.361111111
375,2012-08-17 11:14:16,2040056.875
376,2012-08-20 20:46:28,2037674.763888889
377,2012-08-24 02:08:53,2070983.5
378,2012-08-27 16:26:45,2102013.4444444445
379,2012-08-31 04:15:51,2131778.5694444445
380,2012-09-03 14:48:19,2164889.027777778
381,2012-09-07 00:18:59,2184309.777777778
382,2012-09-10 13:45:49,2209951.5416666665
383,2012-09-14 09:13:37,2246536.527777778
384,2012-09-17 23:41:27,2275714.277777778
385,2012-09-21 13:27:12,2310945.597222222
386,2012-09-25 02:22:46,2334334.736111111
387,2012-09-28 21:33:22,2375979.986111111
388,2012-10-02 17:33:47,2416499.611111111
389,2012-10-06 18:58:42,2431666.402777778
390,2012-10-10 15:13:35,2475524.902777778
391,2012-10-14 08:53:37,2525231.0833333335
392,2012-10-18 04:17:40,2568271.236111111
393,2012-10-21 19:22:25,2603406.5555555555
394,2012-10-25 10:58:29,2643657.6805555555
395,2012-10-28 23:41:10,2666915.75
396,2012-11-01 21:26:56,2690857.5
397,2012-11-05 16:45:00,2724863.611111111
398,2012-11-09 11:30:44,2757947.7916666665
399,2012-11-13 09:15:54,2792565.111111111
400,2012-11-17 04:52:42,2825596.486111111
401,2012-11-21 03:48:50,2897844.722222222
402,2012-11-24 17:39:37,2923276.0833333335
403,2012-11-28 06:22:45,2950732.388888889
404,2012-12-01 20:47:18,2983210.4583333335
405,2012-12-06 02:38:01,3002146.986111111
406,2012-12-10 04:19:31,3026424.8055555555
407,2012-12-14 05:39:51,3063837.5694444445
408,2012-12-18 16:38:17,3112938.902777778
409,2012-12-22 17:49:42,3150055.611111111
410,2012-12-26 18:38:57,3179543.625
411,2012-12-30 06:01:21,3208595.027777778
412,2013-01-02 11:31:14,3251728.277777778
413,2013-01-05 22:51:39,3298452.0416666665
414,2013-01-09 12:13:13,3327578.402777778
415,2013-01-13 13:18:18,3371781.2916666665
416,2013-01-17 11:38:16,3408905.6944444445
417,2013-01-21 12:34:47,3439160.625
418,2013-01-25 06:44:51,3446008.847222222
419,2013-01-28 21:07:52,3481731.4583333335
420,2013-02-01 03:16:24,3501749.472222222
421,2013-02-04 08:07:16,3531978.7083333335
422,2013-02-07 17:30:14,3568399.375
423,2013-02-11 04:15:12,3602622.375
424,2013-02-14 13:35:34,3622250.986111111
425,2013-02-17 10:05:12,3645703.361111111
426,2013-02-20 13:03:34,3673027.3055555555
427,2013-02-23 12:57:53,3698370.402777778
428,2013-02-26 14:08:39,3731854.097222222
429,2013-03-01 09:52:33,3766436.652777778
430,2013-03-04 16:34:02,3802429.9166666665
431,2013-03-08 01:15:10,3807171.2916666665
432,2013-03-11 02:18:25,3833797.222222222
433,2013-03-14 09:21:44,3870280.6666666665
434,2013-03-17 07:42:50,3934888.152777778
435,2013-03-20 01:37:15,3962831.9305555555
436,2013-03-22 09:59:34,3987135.361111111
437,2013-03-24 20:33:52,4018479.472222222
438,2013-03-28 09:42:44,4077323.847222222
439,2013-03-31 07:32:55,4085316.8055555555
440,2013-04-03 02:09:05,4129013.5694444445
441,2013-04-06 07:12:59,4218773.916666667
442,2013-04-09 07:56:32,4328021.125
443,2013-04-12 06:27:38,4381680.708333333
444,2013-04-15 09:24:30,4482070.736111111
445,2013-04-18 11:19:36,4605832.027777778
446,2013-04-21 19:57:07,4704945.347222222
447,2013-04-24 23:25:06,4829156.986111111
448,2013-04-28 01:52:33,4936367.069444444
449,2013-05-01 03:47:23,5093461.083333333
450,2013-05-04 16:43:33,5234151.263888889
451,2013-05-07 18:16:25,5370317.708333333
452,2013-05-10 20:21:48,5542239.361111111
453,2013-05-13 17:35:05,5660740.0
454,2013-05-17 03:32:45,5814523.486111111
455,2013-05-20 14:02:32,5887605.916666667
456,2013-05-23 20:00:13,5996622.736111111
457,2013-05-26 21:37:01,6058386.902777778
458,2013-05-29 22:42:20,6124745.0
459,2013-06-01 17:18:10,6170497.388888889
460,2013-06-04 06:05:18,6204833.194444444
461,2013-06-06 20:59:59,6259285.763888889
462,2013-06-09 22:54:36,6283877.722222222
463,2013-06-12 18:25:06,6328990.625
464,2013-06-15 14:56:03,6356469.083333333
465,2013-06-18 15:37:55,6379296.902777778
466,2013-06-22 01:42:29,6396303.694444444
467,2013-06-25 03:18:57,6419426.611111111
468,2013-06-28 05:39:40,6445365.847222222
469,2013-07-01 08:12:24,6481854.944444444
470,2013-07-04 09:20:17,6511214.736111111
471,2013-07-07 05:35:50,6530912.833333333
472,2013-07-09 22:23:28,6551366.277777778
473,2013-07-12 18:30:11,6609857.291666667
474,2013-07-15 22:24:05,6636681.763888889
475,2013-07-18 23:50:12,6664945.819444444
476,2013-07-21 19:01:48,6695047.194444444
477,2013-07-25 01:15:57,6722491.347222222
478,2013-07-28 03:35:07,6738092.569444444
479,2013-07-31 00:36:56,6754061.125
480,2013-08-02 18:11:49,6797960.722222222
481,2013-08-05 13:12:49,6805341.388888889
482,2013-08-08 08:26:43,6830968.805555556
483,2013-08-10 20:42:02,6847763.388888889
484,2013-08-13 07:04:57,6848114.277777778
485,2013-08-16 09:36:14,6840265.083333333
486,2013-08-19 03:26:43,6857896.013888889
487,2013-08-21 22:25:30,6875439.125
488,2013-08-24 10:58:15,6880651.694444444
489,2013-08-27 14:26:58,6888924.791666667
490,2013-08-30 07:39:38,6904810.347222222
491,2013-09-01 17:35:04,6941900.152777778
492,2013-09-04 04:21:00,6950285.722222222
493,2013-09-07 06:42:29,6974234.333333333
494,2013-09-10 04:52:50,6997588.666666667
495,2013-09-12 18:33:35,7021952.902777778
496,2013-09-15 06:10:02,7043380.75
497,2013-09-18 08:37:02,7050077.722222222
498,2013-09-21 02:02:57,7082081.708333333
499,2013-09-23 13:52:11,7112496.972222222
500,2013-09-26 04:07:06,7144708.902777778
501,2013-09-29 05:53:44,7166165.027777778
502,2013-10-02 06:33:11,7201076.25
503,2013-10-05 01:41:44,7212242.513888889
504,2013-10-07 20:12:08,7235596.0
505,2013-10-10 17:11:00,7263729.513888889
506,2013-10-13 11:03:50,7281556.222222222
507,2013-10-15 15:02:02,7301701.541666667
508,2013-10-18 06:40:48,7323001.375
509,2013-10-20 19:13:10,7331901.902777778
510,2013-10-23 05:52:29,7344526.944444444
511,2013-10-25 13:20:48,7332167.097222222
512,2013-10-28 07:18:54,7347982.347222222
513,2013-10-31 05:30:42,7373197.708333333
514,2013-11-02 18:20:05,7384878.513888889
515,2013-11-05 12:56:46,7400509.777777778
516,2013-11-08 22:01:43,7384453.458333333
517,2013-11-12 00:49:55,7394496.263888889
518,2013-11-14 22:04:49,7437335.777777778
519,2013-11-17 20:37:00,7488834.944444444
520,2013-11-21 03:55:07,7478439.472222222
521,2013-11-24 09:11:12,7473249.736111111
522,2013-11-27 14:04:26,7514073.347222222
523,2013-11-30 14:10:19,7559116.083333333
524,2013-12-03 10:59:41,7593247.444444444
525,2013-12-06 11:39:17,7642928.430555556
526,2013-12-09 04:51:27,7707134.472222222
527,2013-12-12 04:35:01,7758552.694444444
528,2013-12-15 03:33:45,7787720.652777778
529,2013-12-18 00:04:46,7817805.083333333
530,2013-12-20 14:23:09,7869787.819444444
531,2013-12-23 18:49:02,7913789.527777778
532,2013-12-26 20:29:51,7990276.777777778
533,2013-12-30 00:53:23,8022689.472222222
534,2014-01-01 22:45:07,8086257.472222222
535,2014-01-05 08:58:58,8132548.930555556
536,2014-01-08 06:15:40,8169881.083333333
537,2014-01-11 00:14:39,8244688.680555556
538,2014-01-13 16:57:01,8298128.152777778
539,2014-01-16 16:43:04,8392528.180555556
540,2014-01-19 21:12:33,8454473.305555556
541,2014-01-22 20:51:45,8522908.138888888
542,2014-01-25 23:11:48,8591399.402777778
543,2014-01-29 10:07:18,8689700.458333334
544,2014-02-01 10:32:45,8775592.611111112
545,2014-02-04 08:51:20,8857204.236111112
546,2014-02-07 15:48:35,8929098.277777778
547,2014-02-11 00:57:05,9019456.236111112
548,2014-02-14 04:43:29,8994370.125
549,2014-02-17 01:52:26,9038276.902777778
550,2014-02-20 07:33:24,9123870.666666666
551,2014-02-23 15:12:22,9207081.152777778
552,2014-02-26 18:29:01,9298991.944444444
553,2014-03-02 02:38:29,9348513.263888888
554,2014-03-05 19:48:27,9427491.791666666
555,2014-03-09 05:26:23,9504417.972222222
556,2014-03-12 14:02:50,9607686.638888888
557,2014-03-15 23:35:23,9645074.347222222
558,2014-03-19 11:33:51,9756850.708333334
559,2014-03-22 15:00:52,9785527.902777778
560,2014-03-25 15:43:21,9859136.305555556
561,2014-03-28 21:49:41,9915167.694444444
562,2014-04-01 05:20:48,10026150.930555556
563,2014-04-04 02:02:12,10067521.791666666
564,2014-04-07 10:09:11,10172184.888888888
565,2014-04-11 03:56:08,10231321.347222222
566,2014-04-14 05:24:38,10323777.722222222
567,2014-04-17 10:28:08,10322512.444444444
568,2014-04-20 22:37:54,10400058.111111112
569,2014-04-24 06:45:55,10486134.208333334
570,2014-04-27 18:36:26,10553892.805555556
571,2014-05-01 09:27:14,10637205.347222222
572,2014-05-04 23:08:27,10738386.638888888
573,2014-05-08 11:05:04,10817094.777777778
574,2014-05-11 18:35:58,10892348.986111112
575,2014-05-15 04:40:13,10967723.166666666
576,2014-05-18 10:47:06,10988226.513888888
577,2014-05-21 17:29:38,11032459.416666666
578,2014-05-25 01:41:49,11050202.013888888
579,2014-05-28 13:20:15,11112943.097222222
580,2014-06-01 01:23:34,11144236.319444444
581,2014-06-04 00:00:01,11201850.805555556
582,2014-06-07 11:06:47,11247165.902777778
583,2014-06-11 01:35:09,11332795.305555556
584,2014-06-14 09:19:42,11371948.805555556
585,2014-06-17 10:46:06,11474384.513888888
586,2014-06-20 15:32:06,11535238.0
587,2014-06-23 16:11:35,11645636.0
588,2014-06-26 14:18:22,11690750.625
589,2014-06-29 15:39:46,11748360.291666666
590,2014-07-03 13:07:38,11808086.625
591,2014-07-07 02:56:30,11932002.361111112
592,2014-07-10 16:29:53,11998373.513888888
593,2014-07-14 04:06:22,12116273.291666666
594,2014-07-17 16:33:10,12177627.916666666
595,2014-07-21 00:13:21,12252656.097222222
596,2014-07-24 15:56:53,12309625.305555556
597,2014-07-28 08:12:25,12424108.513888888
598,2014-07-31 22:36:51,12471987.777777778
599,2014-08-04 13:14:37,12578703.111111112
600,2014-08-08 03:16:48,12615971.416666666
601,2014-08-11 08:45:18,12708926.041666666
602,2014-08-14 14:00:05,12742337.458333334
603,2014-08-17 20:30:57,12747581.361111112
604,2014-08-20 21:49:12,12829018.305555556
605,2014-08-24 06:41:43,12885045.958333334
606,2014-08-27 19:53:14,12995109.041666666
607,2014-08-30 23:04:37,13061339.472222222
608,2014-09-03 08:45:16,13178507.305555556
609,2014-09-06 20:13:50,13214697.875
610,2014-09-10 12:16:17,13299784.861111112
611,2014-09-13 19:12:31,13339906.319444444
612,2014-09-17 05:08:25,13447941.916666666
613,2014-09-20 06:06:20,13473593.527777778
614,2014-09-23 15:57:26,13602006.680555556
615,2014-09-27 03:50:59,13659073.166666666
616,2014-09-30 23:30:15,13814387.736111112
617,2014-10-04 17:16:47,13952654.402777778
618,2014-10-08 02:45:36,14062856.888888888
619,2014-10-11 17:24:20,14098610.791666666
620,2014-10-15 11:52:20,14212870.888888888
621,2014-10-19 00:11:46,14250421.291666666
622,2014-10-22 18:43:42,14372051.972222222
623,2014-10-26 06:09:43,14452308.625
624,2014-10-29 22:56:20,14541131.777777778
625,2014-11-02 01:56:03,14572188.277777778
626,2014-11-05 08:04:45,14703547.958333334
627,2014-11-09 02:59:34,14675421.152777778
628,2014-11-12 17:45:51,14796376.416666666
629,2014-11-16 09:23:10,14833109.25
630,2014-11-20 01:05:47,14945019.75
631,2014-11-23 19:05:46,15048871.902777778
632,2014-11-27 15:57:56,15110577.513888888
633,2014-12-01 03:45:44,15246886.263888888
634,2014-12-05 02:53:25,15252459.597222222
635,2014-12-08 20:51:21,15417602.375
636,2014-12-12 13:19:36,15444917.819444444
637,2014-12-16 12:11:16,15597119.319444444
638,2014-12-20 14:07:25,15637638.430555556
639,2014-12-24 07:00:14,15733155.333333334
640,2014-12-27 16:58:07,15795583.041666666
641,2014-12-31 02:08:53,15910575.0
642,2015-01-03 10:29:01,15978679.0
643,2015-01-06 21:56:25,16084510.402777778
644,2015-01-10 15:57:18,16151137.791666666
645,2015-01-14 10:21:09,16267626.027777778
646,2015-01-18 04:54:11,16425617.277777778
647,2015-01-22 00:31:28,16505387.541666666
648,2015-01-26 05:52:51,16650576.513888888
649,2015-01-29 21:13:14,16639313.125
650,2015-02-02 12:18:42,16814608.402777776
651,2015-02-06 01:32:11,16829154.472222224
652,2015-02-09 15:13:00,17022108.319444444
653,2015-02-13 06:48:16,17119028.375
654,2015-02-16 19:18:06,17432132.319444444
655,2015-02-20 04:37:44,17559809.319444444
656,2015-02-23 20:45:17,17664086.347222224
657,2015-02-27 13:12:24,17668139.888888888
658,2015-03-03 04:48:27,17729387.263888888
659,2015-03-06 22:35:47,17639999.555555556
660,2015-03-10 15:01:48,17714309.402777776
661,2015-03-14 08:18:12,17616985.458333332
662,2015-03-18 03:53:21,17792699.333333332
663,2015-03-21 22:34:46,17824226.986111112
664,2015-03-25 08:37:38,17934458.069444444
665,2015-03-28 17:18:59,18017291.638888888
666,2015-04-01 08:45:39,18119696.75
667,2015-04-04 23:00:24,18188831.305555556
668,2015-04-08 21:11:59,18265368.097222224
669,2015-04-12 16:43:36,18390208.680555556
670,2015-04-16 11:00:19,18470666.263888888
671,2015-04-20 09:41:25,18642697.763888888
672,2015-04-23 23:03:14,18683155.513888888
673,2015-04-27 17:04:52,18803768.583333332
674,2015-05-01 10:28:06,18810343.513888888
675,2015-05-05 07:16:43,18986218.819444444
676,2015-05-08 19:32:05,19075608.013888888
677,2015-05-12 15:02:25,19201448.666666668
678,2015-05-16 04:47:47,19255768.777777776
679,2015-05-19 20:05:37,19414583.277777776
680,2015-05-23 15:57:54,19488857.375
681,2015-05-27 11:25:31,19676089.888888888
682,2015-05-31 05:59:50,19782929.055555556
683,2015-06-03 21:37:36,19876599.291666668
684,2015-06-07 09:16:54,20014394.375
685,2015-06-10 20:57:57,20036789.527777776
686,2015-06-14 12:23:54,20156223.208333332
687,2015-06-18 08:29:04,20348731.402777776
688,2015-06-22 02:15:23,20651435.513888888
689,2015-06-25 16:29:04,20721940.5
690,2015-06-29 10:51:27,20868777.041666668
691,2015-07-03 02:27:16,21179699.541666668
692,2015-07-06 11:24:34,21314689.583333332
693,2015-07-10 03:19:01,23425897.416666668
694,2015-07-13 16:51:27,25789509.819444444
695,2015-07-17 08:03:13,25007860.791666668
696,2015-07-20 20:29:53,24481934.180555556
697,2015-07-24 12:50:18,24483536.472222224
698,2015-07-28 02:42:59,24786815.361111112
699,2015-07-31 20:25:21,27455898.180555556
700,2015-08-04 06:58:27,29765865.625
701,2015-08-08 03:45:30,32961032.972222224
702,2015-08-11 11:20:59,33009582.208333332
703,2015-08-15 04:06:36,32986565.680555556
704,2015-08-19 00:04:18,33098505.666666668
705,2015-08-22 10:59:45,33144658.236111112
706,2015-08-26 02:01:05,33265917.777777776
707,2015-08-29 14:30:56,33382976.236111112
708,2015-09-02 03:18:10,33531632.472222224
709,2015-09-05 15:09:39,35396643.833333336
710,2015-09-09 08:21:42,35360358.625
711,2015-09-12 18:17:15,34461905.416666664
712,2015-09-16 04:49:19,33740324.43055555
713,2015-09-20 01:43:11,33359667.694444444
714,2015-09-23 18:31:50,33525463.597222224
715,2015-09-27 08:16:58,33539114.375
716,2015-09-30 19:14:09,33541733.763888888
717,2015-10-04 12:16:47,33589254.125
718,2015-10-08 03:23:37,33529021.541666668
719,2015-10-11 20:30:58,32979096.25
720,2015-10-15 11:28:49,32749684.416666668
721,2015-10-19 01:49:28,32685737.25
722,2015-10-22 18:23:31,32581248.486111112
723,2015-10-26 09:09:29,32612860.180555556
724,2015-10-29 22:09:55,32495271.625
725,2015-11-02 04:45:11,32557940.055555556
726,2015-11-05 18:22:01,32393936.819444444
727,2015-11-09 09:56:18,32483916.069444444
728,2015-11-12 18:43:59,32448732.027777776
729,2015-11-16 03:31:39,32630722.763888888
730,2015-11-19 16:30:26,32638042.972222224
731,2015-11-22 19:19:09,32676348.625
732,2015-11-26 03:19:39,32691122.958333332
733,2015-11-29 11:27:13,32709020.416666668
734,2015-12-02 18:27:53,32685572.0
735,2015-12-06 04:55:59,32663401.5
736,2015-12-09 09:53:09,32719271.805555556
737,2015-12-12 07:40:37,32735969.916666668
738,2015-12-15 09:06:08,32820916.194444444
739,2015-12-18 11:16:33,32892102.527777776
740,2015-12-21 17:59:31,33134325.944444444
741,2015-12-25 07:21:12,33234197.458333332
742,2015-12-28 04:38:15,33391087.486111112
743,2015-12-31 13:54:14,33387111.583333332
744,2016-01-04 04:32:33,33527454.375
745,2016-01-07 12:55:45,33534289.736111112
746,2016-01-10 16:24:41,33630080.625
747,2016-01-13 18:46:54,33698746.81944445
748,2016-01-17 14:58:00,33776439.69444445
749,2016-01-20 20:11:55,33774625.652777776
750,2016-01-24 00:23:58,33869324.041666664
751,2016-01-27 04:18:41,34013210.5
752,2016-01-30 08:43:44,34048537.097222224
753,2016-02-02 09:14:51,34096304.333333336
754,2016-02-05 06:49:05,33907776.19444445
755,2016-02-08 02:53:58,34159903.625
756,2016-02-11 04:23:01,34285624.80555555
757,2016-02-14 06:00:07,34349580.777777776
758,2016-02-17 14:21:36,34508223.402777776
759,2016-02-20 21:29:26,34625785.26388889
760,2016-02-24 20:55:42,34881612.527777776
761,2016-02-28 09:15:35,34932839.027777776
762,2016-03-03 00:10:27,35167069.13888889
763,2016-03-06 09:38:49,35133768.472222224
764,2016-03-09 20:37:45,35084007.097222224
765,2016-03-13 04:15:40,35092744.833333336
766,2016-03-16 13:22:05,35129829.36111111
767,2016-03-20 04:12:40,35297341.75
768,2016-03-23 16:08:42,35451701.73611111
769,2016-03-27 01:02:55,35479705.277777776
770,2016-03-30 08:05:19,35295146.152777776
771,2016-04-03 00:17:14,35198486.55555555
772,2016-04-06 07:18:13,35235097.125
773,2016-04-09 17:09:27,35446904.833333336
774,2016-04-12 20:47:19,35629694.916666664
775,2016-04-16 05:16:08,35790118.19444445
776,2016-04-19 16:16:30,35988836.166666664
777,2016-04-23 00:48:38,36132873.097222224
778,2016-04-26 16:52:21,36418662.88888889
779,2016-04-30 08:37:25,36733534.23611111
780,2016-05-03 16:04:42,36975938.458333336
781,2016-05-06 20:14:29,37128129.31944445
782,2016-05-09 21:48:14,37340945.06944445
783,2016-05-13 10:33:32,37625615.43055555
784,2016-05-16 23:59:08,37880773.26388889
785,2016-05-20 14:14:11,38171868.833333336
786,2016-05-23 13:46:19,38152358.01388889
787,2016-05-27 08:01:27,38338348.777777776
788,2016-05-30 20:56:35,38293261.86111111
789,2016-06-03 14:02:51,38498887.25
790,2016-06-06 22:18:46,38705793.472222224
791,2016-06-10 08:11:59,38948700.472222224
792,2016-06-13 15:20:06,39132544.472222224
793,2016-06-17 02:45:13,39196587.875
794,2016-06-20 05:17:35,39306755.972222224
795,2016-06-23 18:30:50,39505468.73611111
796,2016-06-27 05:27:24,39629954.13888889
797,2016-06-30 18:52:43,39762785.416666664
798,2016-07-04 02:54:03,39834706.13888889
799,2016-07-07 16:17:22,39976176.152777776
800,2016-07-11 02:25:29,40113722.94444445
801,2016-07-14 17:57:43,40255549.652777776
802,2016-07-18 05:26:18,40285679.972222224
803,2016-07-21 18:48:59,40409850.38888889
804,2016-07-25 16:57:36,40553532.43055555
805,2016-07-29 13:05:13,40736359.81944445
806,2016-08-02 02:03:34,40736988.93055555
807,2016-08-05 08:31:38,40753483.208333336
808,2016-08-08 13:29:52,40807119.027777776
809,2016-08-12 00:03:11,40982051.30555555
810,2016-08-15 04:52:20,41070274.916666664
811,2016-08-18 21:06:17,41124424.902777776
812,2016-08-22 02:03:17,41223574.527777776
813,2016-08-25 11:59:52,41309302.88888889
814,2016-08-29 02:44:20,41456569.36111111
815,2016-09-01 14:10:01,41528698.652777776
816,2016-09-04 22:47:50,41567420.38888889
817,2016-09-08 11:43:20,41676448.11111111
818,2016-09-11 19:12:37,41674383.527777776
819,2016-09-14 23:33:44,41697433.69444445
820,2016-09-18 08:06:31,41667991.847222224
821,2016-09-21 17:41:25,41813947.402777776
822,2016-09-25 01:13:10,41876441.18055555
823,2016-09-28 03:17:00,41880547.833333336
824,2016-10-01 13:17:37,41942090.18055555
825,2016-10-04 21:57:25,41992433.44444445
826,2016-10-08 02:35:55,42168889.125
827,2016-10-11 11:38:52,42226751.61111111
828,2016-10-15 06:08:27,42338412.26388889
829,2016-10-18 22:13:54,42398228.25
830,2016-10-22 10:32:57,42406518.416666664
831,2016-10-25 23:44:44,42111986.81944445
832,2016-10-29 08:58:04,41859994.208333336
833,2016-11-01 15:07:09,41851761.222222224
834,2016-11-05 06:58:34,41971376.44444445
835,2016-11-08 14:19:02,42086462.972222224
836,2016-11-11 19:27:07,42141620.05555555
837,2016-11-14 23:13:13,42208228.527777776
838,2016-11-18 01:29:55,42286243.0
839,2016-11-21 16:44:31,42580788.5
840,2016-11-25 03:03:27,42945513.458333336
841,2016-11-28 11:12:13,43049199.027777776
842,2016-12-01 19:52:59,43182716.097222224
843,2016-12-05 02:53:59,43166635.027777776
844,2016-12-08 07:32:57,43259059.527777776
845,2016-12-11 18:28:02,43301381.166666664
846,2016-12-14 21:25:01,43349731.36111111
847,2016-12-18 13:34:56,43601512.76388889
848,2016-12-22 00:49:24,43722085.125
849,2016-12-25 10:14:44,43819263.625
850,2016-12-28 16:44:43,43824243.0
851,2017-01-01 00:40:44,43989577.902777776
852,2017-01-04 06:10:22,44227858.01388889
853,2017-01-07 14:25:12,44444264.94444445
854,2017-01-10 22:31:19,44621891.097222224
855,2017-01-14 02:46:40,44764048.98611111
856,2017-01-17 03:01:55,44821211.0
857,2017-01-20 06:13:49,44971904.875
858,2017-01-23 00:50:10,45118855.13888889
859,2017-01-26 11:13:56,45041219.125
860,2017-01-29 15:10:54,44884451.0
861,2017-02-01 19:31:08,44912230.166666664
862,2017-02-05 02:51:12,45104320.722222224
863,2017-02-08 14:23:26,45146119.847222224
864,2017-02-11 23:33:34,45297219.708333336
865,2017-02-15 05:41:47,45354728.458333336
866,2017-02-18 13:55:13,45577330.19444445
867,2017-02-22 06:24:21,45714797.083333336
868,2017-02-25 14:14:25,45938868.402777776
869,2017-02-28 16:54:40,45968806.36111111
870,2017-03-04 01:24:16,46325237.51388889
871,2017-03-07 15:08:32,46540862.93055555
872,2017-03-11 00:11:06,46707200.05555555
873,2017-03-14 09:09:34,46657697.56944445
874,2017-03-17 17:41:03,46842848.11111111
875,2017-03-21 02:22:47,46896473.43055555
876,2017-03-24 10:37:15,47132391.0
877,2017-03-27 18:21:27,47349716.68055555
878,2017-03-31 04:16:33,47457628.125
879,2017-04-03 13:28:35,47654807.01388889
880,2017-04-07 01:28:35,47882360.73611111
881,2017-04-10 09:44:31,47927735.48611111
882,2017-04-13 19:33:42,48258849.81944445
883,2017-04-17 08:07:42,48573284.777777776
884,2017-04-20 23:36:08,48817912.05555555
885,2017-04-24 08:26:48,48921690.93055555
886,2017-04-27 22:23:07,49166484.11111111
887,2017-05-01 04:00:04,49372598.222222224
888,2017-05-04 13:04:32,49669655.708333336
889,2017-05-07 18:26:57,49929622.01388889
890,2017-05-10 22:34:56,50265815.98611111
891,2017-05-14 07:08:55,50673017.81944445
892,2017-05-17 15:23:23,50848726.347222224
893,2017-05-20 20:39:46,51040493.722222224
894,2017-05-24 03:36:13,51343116.625
895,2017-05-27 09:47:21,51775945.01388889
896,2017-05-30 10:51:28,51963215.76388889
897,2017-06-02 11:52:12,52163160.51388889
898,2017-06-05 12:49:18,52049514.333333336
899,2017-06-08 15:17:32,52141872.25
900,2017-06-12 01:25:56,52087410.402777776
901,2017-06-15 14:38:01,52256800.125
902,2017-06-19 00:06:34,52090961.63888889
903,2017-06-22 16:20:49,52215426.63888889
904,2017-06-26 04:09:58,52015918.791666664
905,2017-06-29 19:46:35,52102770.18055555
906,2017-07-02 21:02:01,51881234.98611111
907,2017-07-06 01:12:28,51856058.472222224
908,2017-07-09 09:40:28,51806637.902777776
909,2017-07-12 08:14:32,51866052.38888889
910,2017-07-15 18:26:18,51845026.73611111
911,2017-07-18 23:31:16,51641282.69444445
912,2017-07-22 05:12:03,51551164.791666664
913,2017-07-25 04:28:16,51289880.083333336
914,2017-07-28 13:37:05,51142662.31944445
915,2017-07-31 23:57:42,50822779.26388889
916,2017-08-04 09:38:45,50425991.791666664
917,2017-08-07 11:56:07,50182878.125
918,2017-08-10 22:47:28,50248649.291666664
919,2017-08-14 15:47:07,50426943.722222224
920,2017-08-17 23:21:21,50764357.81944445
921,2017-08-21 16:00:41,50919065.125
922,2017-08-26 02:47:53,51399234.152777776
923,2017-08-29 21:45:53,51497790.027777776
924,2017-09-01 21:30:12,51320013.01388889
925,2017-09-04 21:48:37,51204902.55555555
926,2017-09-07 17:55:21,51255436.208333336
927,2017-09-10 21:13:45,51188424.625
928,2017-09-13 17:14:19,51218519.791666664
929,2017-09-16 14:02:05,51318552.527777776
930,2017-09-19 20:53:25,51387956.93055555
931,2017-09-23 07:39:52,51541205.19444445
932,2017-09-26 20:28:47,51666015.527777776
933,2017-09-29 22:25:46,51783592.597222224
934,2017-10-03 08:51:02,51817252.791666664
935,2017-10-06 21:09:22,51968391.291666664
936,2017-10-09 22:53:13,51996176.56944445
937,2017-10-13 09:00:43,52149788.36111111
938,2017-10-16 09:59:35,52311590.26388889
939,2017-10-19 15:12:16,52625756.291666664
940,2017-10-22 11:30:34,52610612.30555555
941,2017-10-25 09:20:09,52597082.083333336
942,2017-10-29 03:01:37,52935486.097222224
943,2017-11-01 15:11:39,53289658.041666664
944,2017-11-05 07:05:07,53807408.541666664
945,2017-11-08 18:38:10,54037580.5
946,2017-11-13 07:26:40,54715858.26388889
947,2017-11-16 20:09:19,55160297.097222224
948,2017-11-20 03:45:13,55184386.222222224
949,2017-11-23 05:40:23,55470311.18055555
950,2017-11-26 11:58:44,55833789.38888889
951,2017-11-29 13:27:09,56369925.98611111
952,2017-12-02 13:11:24,56903053.76388889
953,2017-12-05 10:21:11,57207316.5
954,2017-12-08 10:07:05,57979581.63888889
955,2017-12-11 09:50:37,58446484.88888889
956,2017-12-14 09:19:47,59136202.902777776
957,2017-12-17 06:31:20,59811594.05555555
958,2017-12-20 08:17:04,60441674.11111111
959,2017-12-23 21:42:37,61516786.166666664
960,2017-12-27 10:16:20,61518582.833333336
961,2017-12-30 17:23:09,61978695.93055555
962,2018-01-02 19:48:49,61863148.11111111
963,2018-01-06 01:50:46,63023667.902777776
964,2018-01-09 01:58:34,63755442.19444445
965,2018-01-12 00:12:00,64180511.583333336
966,2018-01-15 05:17:50,63981952.93055555
967,2018-01-18 07:14:07,64128810.722222224
968,2018-01-21 05:02:25,63585715.51388889
969,2018-01-24 02:26:57,62787977.847222224
970,2018-01-27 04:11:51,62195193.88888889
971,2018-01-30 09:39:11,61766308.902777776
972,2018-02-02 19:07:58,61430963.847222224
973,2018-02-05 17:38:36,60632923.69444445
974,2018-02-09 03:54:54,59832877.43055555
975,2018-02-12 13:34:13,58692614.55555555
976,2018-02-15 18:27:14,57491390.05555555
977,2018-02-18 23:13:47,56496345.583333336
978,2018-02-22 04:18:02,55758825.75
979,2018-02-25 13:36:53,55065099.26388889
980,2018-02-28 18:21:06,54737182.86111111
981,2018-03-03 21:18:05,54158209.5
982,2018-03-07 04:13:39,53160790.63888889
983,2018-03-10 10:16:02,52238648.222222224
984,2018-03-13 17:39:07,51130698.166666664
985,2018-03-17 04:33:36,51168526.833333336
986,2018-03-20 15:26:16,51259631.777777776
987,2018-03-24 03:53:30,51239908.347222224
988,2018-03-27 15:06:53,51207462.73611111
989,2018-03-30 22:45:34,51274364.76388889
990,2018-04-03 09:00:18,51375882.222222224
991,2018-04-06 17:09:28,51475298.777777776
992,2018-04-09 19:42:55,51459535.027777776
993,2018-04-13 00:14:17,51415262.333333336
994,2018-04-16 06:11:35,51330075.63888889
995,2018-04-19 10:47:31,51207249.56944445
996,2018-04-22 15:58:45,51348863.041666664
997,2018-04-26 03:37:07,51337148.01388889
998,2018-04-29 17:16:57,51465468.097222224
999,2018-05-03 02:21:33,51574133.583333336
1000,2018-05-06 11:10:34,51560457.416666664
1001,2018-05-09 22:23:45,51429415.791666664
1002,2018-05-13 07:20:23,51446672.416666664
1003,2018-05-16 18:10:48,51562011.958333336
1004,2018-05-20 04:08:12,51567494.0
1005,2018-05-23 12:10:44,51623175.0
1006,2018-05-26 16:30:43,51789606.51388889
1007,2018-05-29 21:40:23,51847165.166666664
1008,2018-06-01 21:03:27,51951224.73611111
1009,2018-06-04 22:05:41,51728224.06944445
1010,2018-06-08 05:15:21,51366367.708333336
1011,2018-06-11 20:21:51,51427879.5
1012,2018-06-15 07:46:11,51329591.06944445
1013,2018-06-18 10:13:13,51432335.041666664
1014,2018-06-21 13:48:26,50830150.777777776
1015,2018-06-24 17:34:58,50979859.902777776
1016,2018-06-28 05:27:42,50630107.0
1017,2018-07-01 17:19:29,50511109.38888889
1018,2018-07-05 12:34:39,50339595.916666664
1019,2018-07-08 19:01:56,50543203.666666664
1020,2018-07-12 08:22:59,50129383.777777776
1021,2018-07-16 01:18:55,49152656.347222224
1022,2018-07-19 08:59:08,48888352.43055555
1023,2018-07-22 14:22:01,48966906.68055555
1024,2018-07-25 14:17:12,48914875.05555555
1025,2018-07-28 18:04:47,48876714.56944445
1026,2018-08-01 01:02:12,48936642.652777776
1027,2018-08-04 06:11:57,48913356.76388889
1028,2018-08-07 14:31:56,48958730.94444445
1029,2018-08-10 18:20:20,48988409.13888889
1030,2018-08-13 22:31:19,49002682.25
1031,2018-08-17 06:23:49,49131640.583333336
1032,2018-08-20 12:39:57,49345326.11111111
1033,2018-08-23 20:59:02,49382996.472222224
1034,2018-08-27 03:47:02,49463853.152777776
1035,2018-08-30 08:39:55,49383676.972222224
1036,2018-09-02 18:15:29,49454268.75
1037,2018-09-06 09:33:17,49503678.875
1038,2018-09-09 18:00:33,49546075.31944445
1039,2018-09-13 01:42:50,49498932.777777776
1040,2018-09-16 16:59:36,49562919.208333336
1041,2018-09-20 05:48:50,49655941.63888889
1042,2018-09-23 14:41:27,49815272.43055555
1043,2018-09-26 21:08:29,49926757.73611111
1044,2018-09-30 05:37:51,50072978.81944445
1045,2018-10-03 14:25:51,50064985.55555555
1046,2018-10-07 06:37:16,50364033.375
1047,2018-10-10 23:50:43,50414351.43055555
1048,2018-10-14 16:09:25,50345225.01388889
1049,2018-10-18 04:02:00,50243528.31944445
1050,2018-10-21 18:51:10,50209033.86111111
1051,2018-10-25 12:16:08,50164452.93055555
1052,2018-10-29 00:35:21,50102521.5
1053,2018-11-01 07:04:08,50063275.152777776
1054,2018-11-04 19:23:23,50021904.152777776
1055,2018-11-08 14:05:04,50002849.791666664
1056,2018-11-12 10:29:44,50070790.041666664
1057,2018-11-16 07:54:07,50184293.69444445
1058,2018-11-20 04:15:51,50286351.38888889
1059,2018-11-24 08:19:54,50301912.666666664
1060,2018-11-28 07:14:33,50263870.722222224
1061,2018-12-02 19:58:01,50339464.666666664
1062,2018-12-06 18:27:22,50287077.13888889
1063,2018-12-10 20:46:02,50280930.777777776
1064,2018-12-14 17:59:58,50126141.902777776
1065,2018-12-18 06:10:26,49928604.86111111
1066,2018-12-21 22:55:44,49880382.041666664
1067,2018-12-24 23:21:44,49764655.0
1068,2018-12-28 02:07:25,49671079.333333336
1069,2018-12-31 04:48:20,49693285.38888889
1070,2019-01-03 14:52:36,49614843.75
1071,2019-01-06 21:46:01,49618793.708333336
1072,2019-01-10 03:41:58,49671727.541666664
1073,2019-01-13 16:02:57,49863937.80555555
1074,2019-01-17 08:49:24,50012898.847222224
1075,2019-01-20 22:41:16,50151725.833333336
1076,2019-01-24 10:56:58,50242651.43055555
1077,2019-01-27 23:43:13,50385616.05555555
1078,2019-01-31 12:11:36,50513712.69444445
1079,2019-02-03 21:22:11,50617960.05555555
1080,2019-02-07 04:25:18,50669553.375
1081,2019-02-10 09:16:57,50720866.875
1082,2019-02-13 22:31:29,50598652.791666664
1083,2019-02-17 11:59:52,50730148.69444445
1084,2019-02-20 20:20:23,50822117.11111111
1085,2019-02-24 10:59:33,50938154.48611111
1086,2019-02-27 22:29:47,51078625.041666664
1087,2019-03-03 06:36:09,51239381.43055555
1088,2019-03-06 22:42:22,51320297.01388889
1089,2019-03-10 11:02:37,51525306.402777776
1090,2019-03-14 04:19:58,51649820.722222224
1091,2019-03-17 07:49:36,51801819.94444445
1092,2019-03-20 13:42:06,51940696.31944445
1093,2019-03-23 21:14:24,52091201.708333336
1094,2019-03-27 08:04:39,52269452.458333336
1095,2019-03-30 20:14:40,52445177.333333336
1096,2019-04-03 09:43:08,52710294.583333336
1097,2019-04-06 21:35:15,52855883.61111111
1098,2019-04-10 10:55:13,52957954.05555555
1099,2019-04-13 20:03:43,53229475.583333336
1100,2019-04-17 12:54:06,53374841.083333336
1101,2019-04-21 01:09:30,53553260.25
1102,2019-04-24 16:23:04,53657385.94444445
1103,2019-04-28 01:53:16,53885494.583333336
1104,2019-05-01 06:21:59,54032208.041666664
1105,2019-05-04 08:21:04,54226715.06944445
1106,2019-05-08 02:25:02,54588012.208333336
1107,2019-05-11 17:46:10,55062472.916666664
1108,2019-05-14 23:45:45,55058732.583333336
1109,2019-05-18 09:13:16,55498684.125
1110,2019-05-21 13:15:21,55447744.916666664
1111,2019-05-24 17:52:36,55684942.61111111
1112,2019-05-27 23:04:13,55831240.708333336
1113,2019-05-31 00:10:28,56056711.027777776
1114,2019-06-03 21:40:15,56245040.277777776
1115,2019-06-07 04:02:14,56483116.48611111
1116,2019-06-10 14:20:15,56711996.94444445
1117,2019-06-14 04:07:11,56976737.708333336
1118,2019-06-17 15:16:40,57105345.847222224
1119,2019-06-20 19:56:07,57348461.48611111
1120,2019-06-24 02:16:20,57511968.0
1121,2019-06-27 05:43:33,57728008.68055555
1122,2019-06-30 09:31:18,57868208.30555555
1123,2019-07-03 15:08:51,58085208.30555555
1124,2019-07-06 11:13:38,58191427.541666664
1125,2019-07-09 13:39:32,58317156.875
1126,2019-07-13 02:51:54,58598678.333333336
1127,2019-07-16 13:22:38,58851004.61111111
1128,2019-07-20 05:59:40,59240840.0
1129,2019-07-23 15:04:17,59239067.597222224
1130,2019-07-26 21:09:31,59320681.666666664
1131,2019-07-29 22:22:40,59468839.75
1132,2019-08-02 07:27:16,59594704.30555555
1133,2019-08-05 07:19:24,59666143.041666664
1134,2019-08-08 16:38:31,59810480.51388889
1135,2019-08-12 00:18:22,59933269.86111111
1136,2019-08-15 08:58:49,60067384.097222224
1137,2019-08-19 02:04:33,60352400.98611111
1138,2019-08-22 11:48:55,60711148.01388889
1139,2019-08-25 19:32:58,60826441.19444445
1140,2019-08-29 06:46:35,60988863.44444445
1141,2019-09-01 10:23:04,61194289.13888889
1142,2019-09-04 20:39:22,61345483.38888889
1143,2019-09-08 01:54:25,61456667.05555555
1144,2019-09-11 01:25:48,61549042.972222224
1145,2019-09-14 03:26:51,61626730.875
1146,2019-09-17 09:51:54,61694893.458333336
1147,2019-09-20 15:05:52,61788248.69444445
1148,2019-09-24 01:11:31,62108570.875
1149,2019-09-27 04:21:58,62171605.5
1150,2019-09-30 20:31:56,62408821.416666664
1151,2019-10-04 08:44:46,62636939.48611111
1152,2019-10-07 15:22:18,62844522.791666664
1153,2019-10-10 22:12:55,62990210.597222224
1154,2019-10-14 11:05:35,63249624.208333336
1155,2019-10-17 22:10:45,63372426.972222224
1156,2019-10-21 08:58:58,63620614.027777776
1157,2019-10-24 09:37:54,63700568.972222224
1158,2019-10-28 06:24:34,63663230.94444445
1159,2019-11-01 01:01:42,63683671.81944445
1160,2019-11-04 20:21:59,63759737.472222224
1161,2019-11-08 12:22:56,63709713.597222224
1162,2019-11-11 21:55:38,63703159.0
1163,2019-11-15 06:40:00,63762690.06944445
1164,2019-11-18 14:23:56,63221563.55555555
1165,2019-11-22 09:18:05,63364752.25
1166,2019-11-25 19:56:22,63636502.81944445
1167,2019-11-29 11:11:17,63766994.56944445
1168,2019-12-03 04:06:18,63965037.73611111
1169,2019-12-06 09:59:05,64131549.88888889
1170,2019-12-09 18:26:24,64183066.44444445
1171,2019-12-13 08:33:28,64123616.097222224
1172,2019-12-16 20:36:16,64128154.708333336
1173,2019-12-20 08:34:39,64011306.31944445
1174,2019-12-23 08:49:36,64200238.166666664
1175,2019-12-26 23:39:42,64297421.55555555
1176,2019-12-30 09:02:20,64540042.51388889
1177,2020-01-02 12:28:05,64671443.31944445
1178,2020-01-05 15:26:04,64821507.125
1179,2020-01-08 22:14:29,64974538.98611111
1180,2020-01-12 04:29:13,65072901.13888889
1181,2020-01-15 13:50:04,65122275.333333336
1182,2020-01-18 23:15:14,65266843.597222224
1183,2020-01-22 08:12:36,65373597.291666664
1184,2020-01-25 13:44:47,65269115.75
1185,2020-01-29 01:15:26,65291168.472222224
1186,2020-02-01 08:00:27,65404690.666666664
1187,2020-02-04 20:57:55,65316552.80555555
1188,2020-02-08 09:47:30,65268383.56944445
1189,2020-02-12 00:13:15,65301402.75
1190,2020-02-15 15:17:38,65391916.458333336
1191,2020-02-19 00:28:41,65534174.583333336
1192,2020-02-22 13:57:12,65627572.44444445
1193,2020-02-26 03:24:12,65805950.333333336
1194,2020-02-29 12:52:20,65993544.11111111
1195,2020-03-03 18:15:08,66110980.73611111
1196,2020-03-06 22:45:48,65975509.625
1197,2020-03-10 04:47:07,66109077.31944445
1198,2020-03-14 01:35:15,66182983.041666664
1199,2020-03-18 05:12:25,66239920.44444445
1200,2020-03-22 15:30:38,66581551.916666664
1201,2020-03-26 18:40:42,66808867.51388889
1202,2020-03-30 05:25:30,66720201.26388889
1203,2020-04-02 12:52:40,66615735.625
1204,2020-04-05 20:43:40,66552628.458333336
1205,2020-04-09 04:02:02,66497016.73611111
1206,2020-04-12 08:17:10,66664840.11111111
1207,2020-04-15 09:39:50,66693648.097222224
1208,2020-04-18 18:10:20,66598119.277777776
1209,2020-04-22 01:40:15,66742553.05555555
1210,2020-04-25 18:54:11,66923439.06944445
1211,2020-04-29 05:38:15,66791520.76388889
1212,2020-05-02 19:50:27,66905992.56944445
1213,2020-05-05 23:39:38,66618659.44444445
1214,2020-05-09 11:12:00,66664736.708333336
1215,2020-05-12 18:00:34,66189725.875
1216,2020-05-16 20:51:58,66486888.597222224
1217,2020-05-21 05:09:15,66567223.916666664
1218,2020-05-25 10:25:55,66441361.63888889
1219,2020-05-29 07:55:42,66345459.375
1220,2020-06-01 22:14:08,66075534.083333336
1221,2020-06-05 07:59:04,66062314.125
1222,2020-06-08 06:27:10,66081957.36111111
1223,2020-06-11 08:31:29,66020520.51388889
1224,2020-06-14 08:35:23,65796653.527777776
1225,2020-06-17 19:15:08,66067940.208333336
1226,2020-06-21 12:27:34,66303032.0
1227,2020-06-24 21:26:33,66287177.38888889
1228,2020-06-28 06:42:21,66348194.38888889
1229,2020-07-01 17:22:25,66417372.027777776
1230,2020-07-04 20:06:14,66504238.11111111
1231,2020-07-08 00:02:24,66613270.05555555
1232,2020-07-11 05:00:53,66697107.48611111
1233,2020-07-14 15:08:55,66897009.472222224
1234,2020-07-18 08:14:41,67280726.43055555
1235,2020-07-22 04:35:31,67354767.3888889
1236,2020-07-25 14:15:20,67565098.7638889
1237,2020-07-28 23:23:09,67386763.2638889
1238,2020-08-01 11:31:59,67578677.7361111
1239,2020-08-04 22:12:39,67408453.8611111
1240,2020-08-08 08:20:14,67498753.125
1241,2020-08-11 18:50:20,67279394.0
1242,2020-08-14 23:35:29,67409095.2361111
1243,2020-08-18 12:19:42,67454866.56944445
1244,2020-08-21 23:08:23,67681027.30555555
1245,2020-08-25 11:26:36,67665520.80555555
1246,2020-08-29 00:05:49,67963244.7638889
1247,2020-09-01 13:52:09,67818853.4861111
1248,2020-09-05 04:49:49,68192504.69444445
1249,2020-09-08 11:12:48,67824317.04166667
1250,2020-09-11 18:32:31,67935228.31944445
1251,2020-09-14 18:39:12,67943748.1388889
1252,2020-09-17 20:58:21,68027090.69444445
1253,2020-09-21 04:07:19,68008679.1111111
1254,2020-09-24 19:07:20,68319835.44444445
1255,2020-09-28 03:35:19,68127018.5
1256,2020-10-01 19:27:19,68425845.7638889
1257,2020-10-05 05:18:45,68321537.79166667
1258,2020-10-08 15:29:19,68500799.43055555
1259,2020-10-12 05:24:16,68542087.41666667
1260,2020-10-15 13:24:26,68635620.2638889
1261,2020-10-18 22:29:51,68756720.1111111
1262,2020-10-22 17:34:21,69124668.0
1263,2020-10-26 15:19:01,69088794.90277778
1264,2020-10-31 11:18:27,69898705.65277778
1265,2020-11-04 11:23:53,70132185.80555555
1266,2020-11-07 20:25:48,69925244.91666667
1267,2020-11-11 03:24:23,69345640.52777778
1268,2020-11-14 12:25:24,69329603.18055555
1269,2020-11-17 19:38:13,69034272.7361111
1270,2020-11-21 00:22:41,69063956.91666667
1271,2020-11-24 04:12:01,68986277.1111111
1272,2020-11-27 13:19:24,69228813.19444445
1273,2020-12-01 02:14:47,69106041.80555555
1274,2020-12-04 13:24:21,69442237.91666667
1275,2020-12-08 01:43:50,69159986.90277778
1276,2020-12-11 18:10:43,69464206.75
1277,2020-12-15 05:42:32,69502360.80555555
1278,2020-12-18 20:25:33,69879019.02777778
1279,2020-12-22 05:00:13,69663159.04166667
1280,2020-12-25 19:08:26,69789450.15277778
1281,2020-12-29 06:34:15,69559636.68055555
1282,2021-01-01 07:25:21,69575874.125
1283,2021-01-04 12:46:24,69267940.04166667
1284,2021-01-07 13:47:45,69512548.59722222
1285,2021-01-10 21:52:38,69926140.58333333
1286,2021-01-14 04:51:32,70069279.3888889
1287,2021-01-17 18:09:12,70260294.75
1288,2021-01-21 07:33:56,70357950.68055555
1289,2021-01-24 18:54:57,70422440.05555555
1290,2021-01-28 05:56:36,70492858.55555555
1291,2021-01-31 17:35:08,70828761.31944445
1292,2021-02-04 06:21:18,71328491.34722222
1293,2021-02-07 10:04:07,71490561.5
1294,2021-02-10 18:03:22,71779246.75
1295,2021-02-14 05:45:00,72413374.54166667
1296,2021-02-17 22:44:16,72664928.43055555
1297,2021-02-21 09:40:58,73234655.30555555
1298,2021-02-25 00:11:15,73669673.7361111
1299,2021-02-28 11:06:58,73966914.20833333
1300,2021-03-04 01:03:00,74227361.70833333
1301,2021-03-07 13:17:36,74416350.83333333
1302,2021-03-10 23:00:38,74412920.95833333
1303,2021-03-14 09:39:01,74809896.33333333
1304,2021-03-17 21:11:15,74967109.90277778
1305,2021-03-21 06:48:18,75461413.79166667
1306,2021-03-24 10:18:37,75053814.125
1307,2021-03-27 20:40:32,75285850.72222222
1308,2021-03-31 04:55:58,75240616.20833333
1309,2021-04-03 17:19:21,75716460.08333333
1310,2021-04-07 03:05:21,75691427.91666667
1311,2021-04-10 12:07:53,76106664.41666667
1312,2021-04-13 22:52:52,76071739.3611111
1313,2021-04-17 23:51:39,76938760.70833333
1314,2021-04-22 11:31:03,78052870.75
1315,2021-04-25 22:53:25,78005949.79166667
1316,2021-04-29 20:23:10,78162967.33333333
1317,2021-05-03 03:02:40,77608194.875
1318,2021-05-06 01:06:42,76920713.75
1319,2021-05-08 23:39:15,76707107.90277778
1320,2021-05-11 19:43:19,76068462.29166667
1321,2021-05-14 23:25:55,76130509.15277778
1322,2021-05-19 05:35:44,76265355.69444445
1323,2021-05-23 13:19:48,76782286.16666667
1324,2021-05-27 16:10:00,76713026.4861111
1325,2021-05-31 15:47:25,76171825.75
1326,2021-06-03 23:30:17,75811081.0
1327,2021-06-07 17:14:44,75701250.44444445
1328,2021-06-11 17:05:13,75930659.72222222
1329,2021-06-15 12:35:44,75704236.47222222
1330,2021-06-19 16:58:47,75866039.9861111
1331,2021-06-24 16:03:07,75902286.77777778
1332,2021-06-30 08:51:12,76294014.79166667
1333,2021-07-05 02:14:59,76251800.4861111
1334,2021-07-08 22:13:02,76091659.55555555
1335,2021-07-12 14:22:15,75961547.05555555
1336,2021-07-16 03:20:15,75905077.58333333
1337,2021-07-19 12:25:39,75937343.31944445
1338,2021-07-23 00:00:11,75915933.5138889
1339,2021-07-26 09:03:33,75955360.69444445
1340,2021-07-29 13:41:13,75910033.58333333
1341,2021-08-01 16:35:20,76119456.08333333
1342,2021-08-05 01:55:51,76027249.77777778
1343,2021-08-08 04:50:13,76150701.94444445
1344,2021-08-11 08:44:18,76139500.31944445
1345,2021-08-14 16:05:46,76213811.45833333
1346,2021-08-17 16:28:41,75943464.08333333
1347,2021-08-21 00:10:24,75844278.4861111
1348,2021-08-23 20:58:50,75724883.09722222
1349,2021-08-27 03:23:26,75896831.1388889
1350,2021-08-30 13:15:51,76025758.59722222
1351,2021-09-03 03:16:25,76107259.90277778
1352,2021-09-06 07:29:54,76176669.93055555
1353,2021-09-09 15:59:59,76210589.8888889
1354,2021-09-13 03:16:46,76298245.02777778
1355,2021-09-16 10:56:04,76186372.91666667
1356,2021-09-19 17:42:08,76168999.06944445
1357,2021-09-23 08:28:51,76161591.72222222
1358,2021-09-26 17:39:24,76364244.6388889
1359,2021-09-30 03:59:47,76355083.6388889
1360,2021-10-03 03:49:18,76248471.20833333
1361,2021-10-06 10:17:22,76139342.625
1362,2021-10-10 04:06:43,76170726.59722222
1363,2021-10-13 14:33:04,76094668.72222222
1364,2021-10-17 03:06:01,76210058.83333333
1365,2021-10-20 07:43:07,76254211.8888889
1366,2021-10-23 16:01:53,76245427.6388889
1367,2021-10-26 20:13:16,76321149.70833333
1368,2021-10-30 00:42:48,76539167.1111111
1369,2021-11-02 09:23:48,76582691.65277778
1370,2021-11-05 16:38:06,76636527.72222222
1371,2021-11-09 02:17:56,76793736.06944445
1372,2021-11-12 10:01:11,76747322.125
1373,2021-11-15 17:14:45,76878616.2361111
1374,2021-11-19 03:22:09,76881079.97222222
1375,2021-11-22 18:50:01,77118723.125
1376,2021-11-26 11:33:10,77573359.80555555
1377,2021-11-30 00:33:35,78031835.30555555
1378,2021-12-03 11:53:57,78058993.40277778
1379,2021-12-06 14:49:50,77977184.7638889
1380,2021-12-09 16:06:19,77993153.9861111
1381,2021-12-12 22:50:06,78383795.56944445
1382,2021-12-16 13:08:12,78620709.375
1383,2021-12-20 05:52:22,78911824.41666667
1384,2021-12-23 13:17:20,79190686.6111111
1385,2021-12-27 00:51:00,79135475.33333333
1386,2021-12-30 15:39:22,78979268.69444445
1387,2022-01-02 20:58:32,79078896.79166667
1388,2022-01-06 09:12:28,79188596.56944445
1389,2022-01-09 22:05:11,79362175.0138889
1390,2022-01-13 07:15:57,79479501.09722222
1391,2022-01-16 06:50:48,79725546.72222222
1392,2022-01-19 11:46:09,79879685.06944445
1393,2022-01-22 20:06:04,79954098.55555555
1394,2022-01-26 07:05:06,80109057.875
1395,2022-01-29 20:27:10,80266403.79166667
1396,2022-02-02 05:49:47,79947381.8611111
1397,2022-02-05 22:16:40,80132146.40277778
1398,2022-02-09 09:50:25,80070929.68055555
1399,2022-02-12 16:46:04,79436914.18055555
1400,2022-02-15 16:40:35,79321638.77777778
1401,2022-02-19 02:50:24,79453094.06944445
1402,2022-02-22 16:28:44,79616782.30555555
1403,2022-02-26 08:08:47,79856306.80555555
1404,2022-03-01 20:01:20,80046232.77777778
1405,2022-03-05 07:34:59,79966595.3888889
1406,2022-03-09 00:30:49,80110024.52777778
1407,2022-03-12 13:33:29,80328566.80555555
1408,2022-03-15 22:33:08,80502403.04166667
1409,2022-03-19 05:47:53,80662998.84722222
1410,2022-03-22 10:16:44,80875007.05555555
1411,2022-03-25 22:11:36,81037151.70833333
1412,2022-03-29 06:51:30,81199616.1111111
1413,2022-04-01 19:56:34,81377174.97222222
1414,2022-04-05 06:51:38,81587551.3611111
1415,2022-04-08 22:39:40,81835834.65277778
1416,2022-04-12 09:14:56,82088281.94444445
1417,2022-04-15 20:15:09,82287733.75
1418,2022-04-19 09:50:49,82578877.4861111
1419,2022-04-22 17:39:35,82756535.1388889
1420,2022-04-25 20:30:18,82875713.625
1421,2022-04-29 05:44:47,83067024.4861111
1422,2022-05-02 09:16:55,83248922.16666667
1423,2022-05-05 18:32:53,83314555.9861111
1424,2022-05-09 03:13:04,83366321.0
1425,2022-05-12 12:57:06,83453386.625
1426,2022-05-16 04:10:28,83274280.84722222
1427,2022-05-19 19:06:50,82929789.34722222
1428,2022-05-23 13:42:36,83021774.18055555
1429,2022-05-27 05:12:25,83144838.15277778
1430,2022-05-30 14:20:49,83221884.56944445
1431,2022-06-03 06:53:09,83222514.02777778
1432,2022-06-06 18:56:34,83357971.72222222
1433,2022-06-09 21:04:20,83323968.91666667
1434,2022-06-13 11:51:49,83513424.625
1435,2022-06-16 23:13:13,83469029.2638889
1436,2022-06-20 17:43:13,83630285.5138889
1437,2022-06-24 08:27:48,83820067.56944445
1438,2022-06-27 23:33:09,83319967.79166667
1439,2022-07-01 05:10:19,83320532.55555555
1440,2022-07-04 17:14:36,83602691.1388889
1441,2022-07-08 09:31:26,83704502.91666667
1442,2022-07-12 02:08:48,83881078.02777778
1443,2022-07-15 22:19:03,83967760.93055555
1444,2022-07-19 15:35:35,84046202.4861111
1445,2022-07-23 11:11:49,84199020.0138889
1446,2022-07-26 16:35:03,84252891.4861111
1447,2022-07-30 01:07:09,84341768.09722222
1448,2022-08-02 12:51:33,84481864.84722222
1449,2022-08-06 01:56:45,84649551.29166667
1450,2022-08-09 08:38:15,84743806.59722222
1451,2022-08-12 19:58:31,84733557.15277778
1452,2022-08-16 09:37:18,84804472.375
1453,2022-08-19 18:35:20,84727756.8888889
1454,2022-08-23 03:57:54,84884760.4861111
1455,2022-08-26 06:33:59,84917383.0
1456,2022-08-29 11:09:23,84990772.41666667
1457,2022-09-01 20:11:26,84897691.84722222
1458,2022-09-05 05:56:50,85043858.125
1459,2022-09-08 18:53:56,84996162.1111111
1460,2022-09-11 22:18:07,85086940.59722222
1461,2022-09-15 12:22:32,85040742.1388889
1462,2022-09-18 21:41:01,85249517.70833333
1463,2022-09-22 10:44:35,85221956.29166667
1464,2022-09-26 01:44:57,85409200.44444445
1465,2022-09-29 15:12:40,85342289.02777778
1466,2022-10-02 14:57:32,85405257.77777778
1467,2022-10-05 15:24:26,85323166.56944445
1468,2022-10-08 17:24:10,85330207.6111111
1469,2022-10-11 21:12:37,85389338.875
1470,2022-10-15 08:24:56,85311871.7361111
1471,2022-10-18 17:49:21,85310238.72222222
1472,2022-10-22 01:36:36,85063752.3611111
1473,2022-10-25 17:25:51,85170276.55555555
1474,2022-10-29 03:11:11,85139231.31944445
1475,2022-11-01 13:07:38,85212756.72222222
1476,2022-11-05 03:28:46,85332237.08333333
1477,2022-11-08 13:40:47,85338400.5
1478,2022-11-12 00:09:39,85571311.5
1479,2022-11-15 13:14:40,85726362.8888889
1480,2022-11-19 01:21:01,85370432.0138889
1481,2022-11-22 15:44:46,84747504.90277778
1482,2022-11-26 16:03:12,84371505.2638889
1483,2022-11-30 08:51:03,84206914.54166667
1484,2022-12-04 04:54:53,84303977.84722222
1485,2022-12-07 15:38:41,84211288.54166667
1486,2022-12-10 17:54:51,84080946.16666667
1487,2022-12-14 02:02:50,84052272.09722222
1488,2022-12-17 17:45:27,84257421.90277778
1489,2022-12-21 08:35:13,84239627.05555555
1490,2022-12-25 07:41:10,84509945.97222222
1491,2022-12-29 00:26:32,84547884.79166667
1492,2023-01-01 07:20:44,84495647.69444445
1493,2023-01-04 14:19:00,84384325.2361111
1494,2023-01-07 17:53:23,84387780.84722222
1495,2023-01-10 23:13:01,84107121.8611111
1496,2023-01-14 06:13:04,83925165.77777778
1497,2023-01-17 09:31:12,83986246.31944445
1498,2023-01-20 23:13:39,84031652.7638889
1499,2023-01-24 09:36:16,84145372.80555555
1500,2023-01-27 13:46:21,84313018.30555555
